,comment_id,content
0,11325014668,"上午下单的，下午竟然就到了。很速度阿。表扬送货的小哥。
电脑用了以后感觉很cool，色彩也很好，唯一的遗憾是，背景灯取消了。不过重在使用，哈哈。
touch bar的话，可有可无，有了反而没有F1到F12键了，不知道以后要用f键要怎么搞。。。
前排提示要预先买一个type c转换的.不然u盘都没法插，还有us/b的任何东西没地方用上。 
送的电脑包好丑丑哦，还是自己买个好了，噗哈哈哈。希望这是个耐用的机子，对京东还是比较满意了。
顺便问下还招运营小姐姐嘛，我同学在贵司做内容运营，好想跳槽丫，嘤嘤嘤嘤"
1,11353805089,用了一段时间，感觉吧 还挺好的，屏幕无敌，触控板很舒服。刚开始还不适应苹果系统，适应了之后会发现它很简洁便捷，还是个学生，不玩游戏~软件专业，新手~目前在我手里还发挥不了多大性能，剁手割肉狠心买了一台，工作后也用不着换了。希望不久后能学有所成发挥这太电脑的价值，作为生产力高效的完成工作。 太贵了！！此电脑不适合玩游戏，不适合没耐心适应macos的人，适合专业人士工作用，当然，钱多任性的拿来娱乐的当我没说~~个人使用感受评价，不喜勿喷。
2,11290933311,整体还是很不错的，还没真正开始用，只说等一感觉！心痛早了一天，多花四旧水?，不过也无所谓了！花得出去就赚得回来！
3,11187561347,验证了是正品，质保期限满的，带bar的好用，和同事的比，速度快，轻便，打算做独立游戏开发用的，希望我能赚到钱。散热不错，电池一般般，有时候关盖子一晚上20百分比电量就没了，有时候又不会这样，整体满意。
4,10949870092,关注很久了～总之设计狗必备～买了没多久还在熟悉中，不知道没有鼠标，又在官网买了鼠标，后来发现又要买转换器&hellip;买个电脑，电脑等一天，鼠标等一天，转换器等一天，被寄几蠢哭了，所以有需要的宝宝们买的时候记得买全套～很好用，用ps很稳，苹果电脑真心不愧是完虐其他电脑，
5,10924841825,我感觉超级好 主要是被她的颜值折服哈哈哈 开心 性能也一定很好！毕竟pro！
6,10969112170,不错(*?&acute;ts`?)?很有质感！屏幕无敌！
7,10561082045,这款电脑不错 有就是插孔太少了 买的人记得买一个usb-c的转接口 因为只有两个usb-c接口和一个耳机接口 苹果系统很好用 就是win10系统盘内存太大了 装一个dnf和LOL就满了 usb3.0也识别不了 苹果系统的safari浏览器浏览有些网页显示不出来 还有插件每次都要问你要不要用 我装了双系统 感觉内存好小 平时上上网是很不错的选择 苹果标志的这一版面并没有灯 而是一块镜子 做工和显示屏很给力 因为我之前去专卖店看过苹果笔记本air的显示器 air有点沙粒 有点模糊 这款不会 去官网查询序列号是7月20的保修期 不知道为什么 反正我是过了618才买的 建议大家买的时候再买个鼠标 买个转接线 然后买个内胆包 好好保护一下 充电器充的时候太发热了 不知道是不是个人原因 洗完澡过来 充着电的电脑有点静电的感觉 建议各位同学玩游戏就不要买这款了 因为这款不配有散热器的 稍微玩一下下游戏就会发热 烫猪蹄啦 而且对电脑也会有损伤 键盘很好按 平时用机械键盘玩游戏的我 用这款键盘也能快速尔精准的打出每一个字 就是左下角的fn键有点不舒服。不知道干嘛用的 总而言之同学们做设计用这款笔记本倍棒
8,11012932305,没话说，小伙伴双11前在某B 买的，我双11京东下的单，只比他贵几百，但是我比他多了一个京东的售后支撑，至少我心里是放心的，另外第一次体验京尊达&hellip;好像真的是专车，因为送货的小哥是正装白手套，哈哈，让我虚荣心得到了满足，每个电商都有或多或少的毛病，反正我相信京东，确实不行还有京东售后嘛，退呗，换呗，最后一点希望京东不要放弃老客户，不要一门心思的发展plus会员了，我们这些老客户给你的支持不必买你一个会员少吧
9,11557922088,6月1号当天购买 首先觉得价格比较合适 重点是还可以白条6期免息 免息是重点 6.1当天是10488 并没有其他优惠券 就是这个价格进行的分期免息，东西都没毛病 都很好 重点是 因为是大额商品 所以默认使用京准达，因为看见当天可选择送达18前就可以送达。所以就填写了公司地址 当天周五 刚好公司收到 周末可以在家研究一下， 都晚上7点多了根本无任何配送信息，中间联系客服 各种官方话术在那绕弯子，然后后来给了个站点电话 ，站点负责人说今天肯定到不了 因为当时都快晚上八点了，就莫名的火大，如果你不能预估送达时间就提示一下用户 ，我完全可以写家里地址，然后我和站点人员说给我送家里地址吧，然后站点人员承诺第二天上午就可以送来，后来又被站点配送员把货带出来了，并且快递员快要配送到我单位了，单位都没人送毛线啊 最后自己晚上去站点拿的，客服当时说可以给我返100京东，搞笑呢我等了那么多时间，我的时间只值1块钱？就想说京东的快递送达时间 如果不能按照预定时间送达。 就不要把时间摆在那误导用户，最终客服反了20元无门槛优惠券，虽然还是觉得这件事觉得很令人恶心
10,11457778675,很不错，使用苹果系统，让人从以前习惯的Windows系统中抽离出来，学习一种新的，很有新鲜感，电脑也很快，硬件和软件融合度好，带touchbar的不错，很多时候非常方便，指纹解锁和支付很便捷，点赞。
11,11257523419,13919入手！心心念念的苹果本，全家桶基本算是凑齐了！系统需要稍微学习一下。但适应之后超级好用。感觉以我的使用强度应该是用不到鼠标的。自己去外面贴了屏幕膜，建议买个壳，因为我家里养猫。怕把外面划伤。感觉用它应该能战个七八年没啥问题了。
12,11431895665,"是新的包装，快递员蛮好，用起来不错。
基本没有认真评论过，不知道浪费了多少积分，这 个福利真的很不错，妥妥每次都写100多字，这是 第N次在网上买东西了，棒棒棒,好厉害好厉害, 东西便宜质量好，物美价廉，买的放心，用的放 心，开心，感觉都买上瘾了,买买买根本停不下来， 东西多而且又全，划算，方便，实惠，包装也好， 没有任何损坏，会一直支持下去的。足不出户就可 以买到所有日常生活需要的食物、日用品及生鲜水 果，简直是太合适了来基本没有认真评论过，不知 道浪费了多少积分，这个福利真的很不错，值得购 买，特意分享给大家。"
13,10976075423,超牛 超炫 赶上双十一  收到后迫不及待的打开  本本是一如既往的好  苹果不愧是行业老大  东西摆在那里  货真价实   喜欢? 再次感谢老板！
14,11411091812,"快递很准时，穿着西装打着领带的快递员好帅！！包装很好。在我的要求下快递员帮我打开盒子检查电脑表面，表面无划痕完美。电脑操作检验等我儿子下班回家弄，经过他这几天的使用各方面反应良好。客服回答问题很及时，由于我买的第二天店里有活动，联系客服后在他的指导下及时做了价保，多余的钱也按时退还到付款账户，非常满意的一次购物。
      送货当天我还在看评论，看到有质量不好却不能得到及时解决，我心里还是有点后悔在网上买，毕竟第一次在京东买上万的物品，怕电脑有质量问题被客服扯皮得不到妥善解决。还好我的电脑非常好没问题（截止今天评论）。所以，非常希望京东售后越来越好，顾客有问题都可以得到及时完善的解决，让顾客解除后顾之忧，那么京东的生意一定会越来越好，我们顾客买东西也能越来越方便越来越放心！！"
15,11047732158,完全被它的颜值征服了，特意用相机拍了一组照片，对于喜欢摄影的我来说，单反一直是我的小老婆，现在MacBook pro是我的小小老婆了，拍照前期是谱曲后期是演奏，一定要有一个好的后期输出设备，Retina屏简直惊艳到爆。之前看大家都在评论说触控板很好用，没亲自体验之前觉得大家在夸大其词，现在简直爱上这块超大触控板了，单手操作的效率可以媲美触控屏，可以完全抛弃鼠标。第一次开机的时候默认桌面壁纸和店铺首页图片还有大家晒单的照片壁纸不一样，检查了序列号是没问题的，电池循环次数1，我猜应该是后来新生产的机器都是这个壁纸吧，不知道大家有没有和我一样的。最后，花了很多钱买了一个电子产品，贵肯定是有贵的道理，能用它创造出价值来就是值得的。
16,10853989379,"机子贵的要死，买了还不敢说。老子真的是砸锅卖铁搞一台。以前用过一段时间，简直无敌。。外观 续航 逼格  OS 开发 。。入手一上午 感觉触摸板双指明明是滚轮操作怎么没反应  好像成了缩放，应该是还要设置啥子东西。触控板 真**大，感觉有时候还是有误触的识别，以为触摸板坏了。吓死老子了。。。
17款键盘键程确实短，不过适应一段时间个人觉得没问题，接口依旧如网上所说太少，只有两个超级前瞻的雷电3接口+3.5mm耳机口  。要哭的是我没多的设备接雷电3，真**是有钱人的玩意。好了 我要去搬砖了。

第一台 apple  第一台  mac  第一台 mbp 。  祝我好运～～ 哈哈 peace"
17,11524250831,终于到了  在购物车呆了一个月  今天终于到手了   首先快递是真快  京东就是不一样 专车送 档次高啊  然后  打开后  也没损坏  性能的话  用一段时间再说
18,11078045713,东西非常不错，很喜欢，加上之前在京东买的鼠标耳机，棒棒哒，12.13立即下手免息购买，非常棒，虽然中间有些小插曲，但是还是很好的，第一次用mac，感觉太爽了，跟windows不是一个级别的，哈哈
19,11073641773,关注挺久了，颜值高，耐搞，性能就不用说了，用过苹果手机的人用完都不想换其他品牌手机了。说实话苹果每革新一代产品，背后各种各样的吐槽，但是看了人家每年的销售额，是不是感觉被打脸。其他的不多说了感觉17款的pro无论从外观还是从体验上都比16款以前的好多了，薄，轻，按键体验也不错，我个人吐槽的唯一不完美的，充电器为什么取消了三孔了？usb接口也取消了，估计是因为太薄的原因，现在都用iPhone7以上手机了 为什么不能和手机上的耳机接口做成一致的呢？不过总体感觉还不错，厉害了我的果
20,10562625816,"618以九三爸爸加六期白条免息买入，在出来16款pro之前喜欢air的外形轻薄还有Pro的Retina，新款出来之后又纠结带不带bar，年华在纠结中老去，去体验店上手体验一两次，等618等着等着又出来了17款Pro，128G性价比超高，等到618一降价毫不犹豫入手，兼具air的外形和一直以来Pro系列的Retina的惊艳，比16款提高了CPU，128G对文字处理完全够用，开机全部120G,可用100G,装了常用软件，还剩95G,到货之前还纠结要不要买转接器外接鼠标和键盘，之后完全不纠结了，触控板功能强大而华丽，比之前那个用了三四年的鼠标方便N倍，用了两天就感觉完全不需要鼠标了，还有键盘，大家都说键程短不好用，可能我适应力太强了吧，之前一直用机械键盘，转换到这个本的键盘并没有太多不适应，两天下来打字也习惯了，只比air多20g的重量，单手抓起毫不费力，之后又买了倍晶的银色壳，六十六元自营那款，上下盖加厚一厘米，仍然感觉轻薄，放包里背着感觉好轻，生怕被人拿走了也感觉不到。也就一个周末我就放弃了我的Dell老成就本，背着我的mbp开心愉快上班去，快超字数了，意犹未尽。。。"
21,10974136280,对比了很久，也去实体店体验了，本着买新不买旧的原则，就买了这一款。13的屏幕的确刚刚好，256G也刚刚好，有着touch bar也是刚刚好
22,11373159298,产品包装精致，系统允许速度快。
23,10923060847,很不错吧，但是还是建议大家买256g的，不然你一定会后悔的！！！正面的都有啦，给大家看看侧面。急换电脑的同学不建议你们购买，因为适应期真的很长。大家可以装一个虚拟机，这样双系统起来比较稳定，当然我舍友的电脑还是崩了一次。。。保佑大家有好运吧，我现在是老电脑微软和这架一起使用，哎，真的别虚荣，真的别当颜狗。选择适合自己的低价的可能一时不爽，但是追求一些不适合自己的东西可能会长期不爽。别喷，真心话。。。。
24,11078043457,挺好的，除了续航确实是个问题，大幅缩水外，其他方面都非常满意～touchbar虽然是个玩具，但确实能提高用户体验，比如指纹解锁，比如siri，挺方便的。另外友情提示一句，我拿朋友的无bar版的同时从满电，差不多运行相同的软件，无bar74%的时候，有bar51%，无bar版的续航确实比有bar版的好很多，以上。
25,11529615739,"买了一个多月了，现在来评论一下14.2k买的512gb带touchbar。以前用过两台旧款的，这个键盘不如旧款，太硬了，像敲桌子，但对我无所谓。
续航很棒，下午两点coding到8点，还剩45%的电
没有纯看视频统计过时间。
只有typec接口太麻烦了，一个都没有。。。。

不是最薄的，不是最轻的，性能不是最强的，但用来用去，我还是选择MacBook Pro，因为
触控板天下无敌！！！！！做工就是艺术品"
26,11657701112,"在mac和国产机里面纠结，最终决定了买Pro.理由无非是大家都知道的：系统流畅，方便携带，体验感好。咬牙狠心买了带touch-bar的，都是入了电子产品买信不买旧的大坑啊！bar的确好玩儿，但个人的建议是，对于非程序员的普通用户来讲，预算不够的话入手不带bar的就行。目前贫民窟小公主已开始狂吃土&hellip;&hellip;
因为急着入手，617秒杀12599入手，幸好没有等到618，已经涨成了13000+，凌晨下单下午送到，京尊达还是保持了速度。但是开机激活之后就开始闪屏花屏，心都痛了，看评论很多人都出现过这个问题。机子验证没问题，应该是真机，不过序列号验证保修期是错的，电话技术支持已失效，打了苹果客服第二天就修改过了。目前使用体验都挺好的，续航没有官方宣传的那么好，但是也不错，要知道配置与续航肯定是成反比的。使用过程中出现过两个问题：一、重启开机密码怎么输都不正确完全进入不了系统，各种折腾第二天才让客服指导下解决了这个问题。二、截屏常常出现在屏幕上留下去不掉的小图标这个问题，开什么页面都会有遮挡，很恶心，除非重启才消失掉&hellip;&hellip;秒杀或者活动的时候，还是很值得入手的，苹果的品控还是可以的。"
27,11430424428,帮别人下的单，经典版MacBook pro，没得话说，性价比之王。性能外观各方面完全满意，至今没听到朋友说有什么问题。反正对于apple，基本没有什么疑虑，它贵有它贵的道理。没照片，就放几个自己最近买的magicbook照片好了
28,11077937070,很不错哦
29,11312247740,除了刚开始没多久touchbar调音量，自动滑动静音。已解决 其他没什么问题 很轻很美用着很酷很舒服
30,10940682397,暗恋MacBook Pro有一两年了，2017款出来果断拿下。外观方面没有挑剔的地方，用了两天感觉硬件一切正常短时间是看不出来的，软件方面比如谷歌浏览器可能兼容性不太好，会出现死机。现在改用自带的浏览器一切正常。本人喜欢比较细腻的东西，就比如这台Mac，价格虽然贵了点，但是每一个细心的人值得拥有一台。Store里面的软件App比较少。电源循环2次，全负何容量：4400。15寸有点大了13寸我觉得刚刚好。欢迎大家来西藏做客！
31,11241277600,2012年在京东买了第一台联想笔记本电脑，Y480  6K多，用了6年了，还是杠杠的，现在放在自己办公室当做台式机用！现在一直使用苹果产品！真心觉得不错！从最初到现在以及未来以后！苹果系统真是杠杠的！最初iPhone也是4S～iPhoneX现在，一直在京东购买！京东真心不错！使用京东6年的时间+过程，一直在体验，从最小做到现在规模怎么大！希望越来越好！
32,11436429236,昨天晚上激活了，然后用了两个多小时，感觉流畅，非常舒服，屏幕非常清楚，但是唯一的一点缺陷就是现在还没找到这个文件夹的位置，以及，他这个鼠标的，滚轮键跟windows的是三相的，是往下就是往上，往上就是往下，这一点很令人类，还有窗口问的是窗口在右边，这个在左边，所以这个有点不适应，总的来说还不错。
33,11132121635,"选择了商务范儿的深空灰，果然没错，逼格高冷，特别喜欢。一分钱一分货，完全没有三四千块电脑的那种塑料感，是高级的金属质感。
       刚刚开始摸索苹果系统，确实操作比较人性化，摸索过程对我来说就像开发一个新玩具，哈。
       另外不得不表扬一下京东的快递服务，因为买的是贵重物品，所以京东安排的是&ldquo;尊享版&rdquo;的送货服务，送货小哥穿着黑色毛呢风衣外套，单手捧着盒子站在公司前台等我，真的挺帅的！全程笑容服务，棒棒哒！"
34,11262389240,还是专人穿西装给我送过来的，哈哈，被这个服务态度给惊呆了，在天**我都没见过这样的服务态度啊！这个电脑我也是考虑了好久才买的，说实话这个价格确实很贵啊，我第一次买苹果笔记本电脑使用，只是有点儿不习惯这个键盘，其他的还好吧！服务态度当然没得说，和**都差不多咯。我主要是买来开发用的，很喜欢苹果的做工，做工是我遇见所有数码产品中最好的，就一个苹果手机螺丝都有50多颗。确实做到了模块化设计！买电脑如果想稳定还是要买集成的内存和硬盘，这样链接性能好，?。使用了几天，没出现任何问题，这个价格也是非常的固定啊，全国统一一个价格，和官网同步！不过电商还是能优惠一些，第一次买这么贵的东西，相信京东的货，在**都没有任何的赠品，在这里还送了个包包，不错哈！?。下次再来买咯。
35,11072070143,送货及时速度飞快，还在熟悉中，棒棒哒
36,10786337183,618直降1000，加上抢到的-618券，分六期免息入手。第一次用苹果的电脑系统，需要重新习惯各种操作，慢慢摸索。外观很漂亮，工业设计很棒。背光logo没有了，磁吸式充电口取消是个遗憾。4个U-C接口，目前来说还是需要转接线。基本上不需要关机，合上屏幕就行，打开，指纹识别，立马就能用。还有很多无法一次说清，总之，自己喜欢的东西，有能力就尽量去争取。
37,10526266457,"电脑还可以，第一次用mac正在摸索中。
首先，win用户是不太习惯的。
触摸板挺好用的。
屏幕亮度调整没变化，不知道是不是电脑问题。
这一款没有指纹识别。欢天喜地的以为有呢，略显失望。
开机后安装软件电脑发热的厉害，是不是没有散热器的。
还有。送的京豆怎么那么少。我看别人买的都送了几万京豆。
电脑挺轻薄，从商场看了，比老款的好看许多。"
38,10537194836,1万多的电脑，就是1万多电脑的要求和期待，没有让我失望。做工非常精，屏幕的清晰度感觉是笔记本里最好的了。就冲苹果坚持用16：10的屏幕就要支持他。大家都知道16：9得屏幕成本底，大家可以看一看，市面上除了苹果几乎都是16：9的屏幕天下。但是对于看文字就是折磨了，因为扁而长嘛，16：10就不一样了，看起来高高的，偏方正。很舒服。
39,10930942357,这电脑就是好啊，高级，双十一买的的，优惠了800元，先用用，以后再做详细评价
40,11496960277,非常满意，京东上买macbook比实体店便宜多了，主要是可以分期，哈哈。每个月还一点无压力。以前用的win10，最近工作了，代码一天敲到晚，发现公司好多大牛都是macbook，不说性能上的，光看着代码，敲代码的舒服度都不是一个档次的。macbook的屏幕，敲代码，敲一天眼睛都不累，我之前的电脑敲一会，眼睛就不行了。特别是对于我们这种前端开发来说，能看清楚颜色值，真的很需要屏幕好的。再者，天天坐地铁，背着mac一点都不重，不累肩。一句话总结了，程序员应该对自己好点，身体是革命的本钱，mac程序员必备。
41,10983198880,首先，京东自营苹果官方旗舰店的货源，发票、牛皮纸箱、苹果原包装盒、系统参数、官方的注册码时间和保修情况全部没问题。其次，苹果电脑的机械和电子结合的工艺非常复杂，同时非常美观漂亮，深空灰让人欲罢不能。价格方面512G有点小贵，但为了双系统给老婆用得爽，也就买了，买了电脑还不行，雷电3不能直接用，配套转换器也得撸，然后是苹果二代鼠标、incase的内胆包、铝鼠标垫、散热架、双肩包，这一套下来非常完美。最后，这电脑送老婆，我还是用回我的外星人。（唯一不高兴的是7号买，9号就降价150，申请了价格保护要回了100，还有50券被各种理由不补，虽不查那50，但被套路了的网页宣传写什么与双十一同价，降价补差，看着就是恶心）
42,11687842602,太给力了，周六买的活动价，第二天周日到的，第一次用苹果电脑，本来预期就大，结果收到了，既然超出我的预期，本子颜值很高，也很薄，做工非常好，按照步骤激活之后查看保修期是新的，之后熟悉了一下电脑，屏幕非常给力，看过这个我再看我之前的电脑简直没法入眼，苹果屏幕果然不是盖的，还有就是非常大的触摸板，完全不需要鼠标了，操作非常方便，总结总之各种好。
43,11448041034,首先要赞一个快递服务，我本来选的是最晚的京准达，结果回到家还是很晚了，后来快递小哥在晚上九点多的时候又跑了一次，态度很好。其次，很久以前就想买苹果的笔记本了，但是一直以来都觉得比较#，而且非常贵，现在因为工作上的原因，我会用到笔记本，所以一咬牙买了，拿到手就是惊艳，太艺术品了，系统很流畅，安装了office后，基本上除了不能玩游戏剩下的都可以，玩游戏的话我自己组装的大台式吃鸡完全不在话下，不用安装双系统，触控板很棒，基本告别鼠标了，值不值不说，光就产品来说很满意
44,11438680322,买苹果本要是拿来玩游戏可太睿智了
45,11594064585,带bar和不带bar的犹豫很久，最后还是选了带bar的，用了两周，不后悔，这个对于不爱用快捷键的人还是很有用的，很多操作一键搞定，比如网易云音乐的红心?，还有调节音量和亮度等，都非常方便。macbookpro心水很久，这次本来也打算换本本，干脆买个好的。买来用了两周还是很满意的。屏幕没得说，一流的，散热，电池耐久，触摸板，系统流畅度，自带的@，还有最重要的颜值，都杠杠的。苹果的细节把控确实高出别家几筹，很多用户没考虑到的它都考虑到了，用户体验超出了预期。值得吐槽的一个是没有u口，这个有点太超前了，还有就是稍微有点重。
46,11088545101,没咋看，看有活动就买了，然后领了12期的券，同事们买的pro，问了一嘴感觉有bar的比较鸡肋就买的这个，
47,10969360701,简洁大方美观，屏幕效果真赞，物有所值。唯一不好的就是上面有一个黑点，还以为掉漆了，用酒精擦了一下还是没怎么擦干净，电池循环2次，未激活使用，电子产品在京东上买还是放心很多，就是这几天快递糟心了，昨天等了一天没到，今天去分站自提的。
48,11483610092,电脑不错，音质也很给力，唯一不满的收到后感觉太小，未开箱激活，想换个大尺寸的，京东以各种理由推辞不让换，感觉像是强买强卖，让人心里不舒服&hellip;
49,11441569812,奔着品牌去的，第一次买Mac，开本的瞬间也有激动，颜值没得说，做工一流，高端商品物流也是相当给力，操作系统正在熟悉中，目前很满意，后续待评！
50,11525113577,很喜欢的电脑
51,11370361951,第一次购买苹果，机子非常漂亮，速度快。京东商城自营，品质保障，推荐大家在京东商城自营店购买商品。正在测试阶段，等使用一段时间再来评价。
52,11372622006,客服服务挺好的，出了点小差错。不过问题不大，东西还可以。另外京准达就有点无语，算了，看在客服mm一直耐心解答问题上，也还好
53,10523273910,东西很漂亮，先使用看看哈
54,10987946399,双十一前剁手10288元到手的128G、初次上手Mac OS 系统和Windows还是有些差别、软件没有后者丰富、Windows可能是目前市面上最强是生产力是工具这个应该没毛病、使用过之后才知道灵活性没有Windows强、简单办公以及娱乐当然不成问题、移动便携方面有优势、这个电脑是为特定人群定制的、买它的人也认同它的价值、说得好听点是信仰、就算没那么好用也得忍着、毕竟都买了、这种感觉就像你交了一个异性朋友、乍一看颜值还行、处久了才发现对方那方面不行、但奔着奔着目地去、那方面不行这可如何是好？愁死人了于是反过来安慰自己毕竟对方颜值还行、偶尔还能装个牌面、这样也就释然了。一个月下来心酸的使用体验
55,11126222811,外观 性能不用说了！主要提一下京尊达，这服务太好了！专车配送，西装革履＋白手套 用手托着！
56,11374980875,电脑很快，很流畅，屏幕很棒！分辨率超高！无坏点，只是刚开机电源循环次数就有5次，客服解释说出厂测试，属于正常范围，总之电脑用起来很不错！
57,11443509473,"在京东买成钻石了已经，这次真都想给个零星。
第一次的本出现了花屏（看视频/开盖），当时由于手头工作较忙在单位用win机器做开发，使用该mac的频率很低，确认花屏的时候已经到了购买后第15天，致电京东告知我要么返回京东做7-15天检测，要么去本地苹果售后做检测，由于就要出差外地正是用本的时候，就在本地售后做的检测，坐标石家庄东方大厦，这是一家Apple Premium（比较优质）的售后，拿去检测一天答曰一切正常，没办法只好返回京东检测，好在一周左右后给我换了。
担心的还是发生了，如果说第一次是小概率事件，是我中奖，那么第二次真的无法接受，底面拆机接缝处的小痕迹，左侧印象细微的磕痕我都可以说服自己这是无所谓的事，但是使用一个半小时死机什么鬼？（只打开chrome的情况下），第二天F11（音量减小键）连击，看视频中自动静音，自动最大音什么鬼？
基于此我申请了退货，但京东的几个客服反复以强硬的态度告诉我依然两个选择，要么去售后检测，要么返回京东7-15天的检测。
至此距我第一次购买已经一个月了，耽误时间的什么就不说了，真是被这事恶心到了。
是的，京东是大厂，就给你发次品你能咋地，都是间歇性都奇"
58,11588258517,整体而言，非常棒！京东非常给力，包装足见成熟。绝对是正品。一年前改用苹果电脑MacBookpro，自此觉得其他电脑如粪土。这次换心，感觉如下1. 接口问题，完全改变了之前的接口，统一了。个人觉得有优有缺。短期看，不另买新线没办法给苹果手机充电，没法连接优盘硬盘，不爽；长期看，标准统一是趋势，也是优势。2. 电源线与电脑接口退步了。之前直接磁力吸附，特爽特方便，现在需要插进去，不爽。3. 速度有进步。之前已经很快，现在更精进一步，都成东方不败啦！4. 触控板更牛，之前虽然好用，但处理大规模word文稿又没鼠标时捉襟见肘。现在加大触控板，这一小瑕疵也解决了。不是针对谁，电脑中除了这个触控板和thinkpad的小红帽，其余皆垃圾。5. 键盘牛上天了，特别好用！6. &hellip;&hellip; 后面还回来补充
59,10935738569,这是一次不得已的升级，所获得的体验也是MacBook Pro中最底层的。但是2017款MacBook Pro还是给我带来了巨大的惊喜，一方面延续了固有的优秀试用体验，另一方面在屏幕、触控板上的提升是能够让你愿意彻底抛弃原有的设备的。也有一些方面的改变，比如键盘、接口，需要适应。
60,11545443820,买了个带bar的pro，主要用于出差办公编辑Excel文件。以前没接触过Mac，买来之后感觉并没有想象中的那么好，可能期望值太高，也或许本人不懂Mac吧。第一个买来就有点问题，后来京东爽快地给换了一个新的。office Excel的mac版用起来真心不好用，经常各种莫名其妙的问题出现，还偶尔程序卡死（但不死机）。touch bar对于我没多大用处，基本摆设了。整体来说，Mac除了轻便，其他感觉还是一般般。
61,11491826064,第一次在京东买这样贵重物品！果然没有让我失望～前一天下午下单，第二天上午就收到了！激动得不要不要的～拆开包裹，果然高端大气上档次！哈哈！暂时没有发现有任何问题，看来要慢慢研究研究，第一次用苹果的本！
62,11373966431,MacBook收到几天了，从打开来看到的第一眼，就爱不释手。做工是非常好，键盘打字的感觉也是特别棒。中间触摸板太强大了，基本上不用鼠标就可以完成页面切换了。京东上的价格比实体店便宜了*块钱。五星好评！
63,11558215222,"买来送妹子的，希望能提升一下她工作的乐趣！在体验店用了好多年苹果电脑的我当打开新电脑居然不会用，?，什么都找不到，事实证明体验店真就只能体验一下！
对于这电脑，屏幕很出色，比我自己用的好很多，很适合观看视频和图像处理，音响效果也不错。启动速度非常快，居然比我手机还快！
不足之处在于，机器太棱角分明了，有点硌手。就不能来点圆角处理一下吗？我这普通包估计来回装几次就坏了！"
64,11035344783,不愧为颜值担当，比起一贯的银色机，灰色显得低调奢华有内涵，对于一个苹果电脑小白来说，只要是玩过n年ios的系统，上手也是很容易的，但是因为工作需要好多软件不是app没有就是收费昂贵，最后不得不选择了虚拟机?，找对商家很便宜就可以搞定，而且新版切换起来也是相当方便，免得别人说俺拿着苹果笔记本却操作着win系统特别low，装逼的时候咱就用mac，啦啦啦你能把我怎样?。特别注明一下，记得下单的时候同时把鼠标和ty-c转换器也一起买了，不然用一半发现挖槽没法链接u盘，然后等一天快递小哥又会来给你送一下，等连上了u盘又发现，挖槽我还需要一个蓝牙鼠标，总之如果不是画图的话苹果鼠标还是不太习惯。说实话mac的系统用起来真是方便可爱，触摸板也是相当的功能强大，意外的发现双十一搞的锤子手机的充电器还能充电脑?
65,11218552652,略有缺点，总体评价还行。
66,11266495831,宝贝到了，用了很多天才来评价，真的好用，而且比实体店便宜?功能很多，就是好用
67,11226846610,非常不错，相信京东，品质无与伦比，强烈推荐给大家！
68,11358067694,很好用(??)超级好用，一直想买，超级喜欢哇哇哇
69,11178234608,电脑非常喜欢，我觉得深灰色的颜色非常适合小女生啊，哈哈！很酷很酷！关键是小哥哥开车穿西装，打领带，白手套送货上门的哦！不错不错！非常不错啦！
70,11462974487,用了一段时间啦，现在来评价下吧。苹果?的做工真的没的说，打开一瞬间被工艺惊艳到了，颜色漂亮外观大气性能给力。虽然装了双系统但会慢慢适应ios系统，觉得还是原生态系统好用。影音效果超级给力，颜色艳丽，音响效果很好，就是暂时还没买移动硬盘哈哈，准备入手啦。买的时候很肉疼纠结，好在女票对我说:现在不买以后更舍不得买了?感谢我女票。???
71,11251638310,京东的京尊达非常给力，快递小哥态度特别好，另外电脑包装到位，当然，关键是电脑，pro的确名不虚传，小巧，系统流畅，一点也不后悔多下了血本买了touch bar的，一二五八八到手，实际尺寸比13.3英寸的略小。希望给大家一个参考。
72,11242313115,搞活动买的挺便宜的   店里11588   很好
73,11137969618,收到了，就是不错，非常喜欢，在安装相关软件
74,11366153945,很快就收到货了，机子没啥问题，本本也超美的，运行速度也不错
75,11154312261,速度很快，一天了就收到宝贝了！开始在官网一直查不到保修期，今天早上终于查到了，居然是英文版的，哈哈哈！本本真的好棒，感觉就是艺术品，显示效果一级棒！但是真心觉得macbook pro里面的app实在太少了，看来真的只能拿来上网，办公还是得普通笔记本！不过还是很开心，就当自己的新年礼物啦！
76,11224341806,"之前在京东买过很多大件，也买过电脑但是mac是第一次，原因呢是觉得第一比其他地方还是要优惠一些，第二呢京东品质还是有保障的毕竟是大的电商，第三呢则是运输速度很快。基本上是第二天就到了。对于贵重物品还有专门的验证码、保证能够顺利送达到客户手里，送到的时候包装有些许破损，但是在送货员的共同开启下，里面的没有问题。
到家打开了之后发现，是熟悉的苹果包装，简洁而又精致，立刻拆包装，是原装的正品，第一次启动，电池循环次数为0。屏幕很棒，续航能够有8个小时左右、因为定位于移动工作电脑和生产工具，基本上也不会有运行大型游戏的可能，因此很满意
mac的系统之前没有用过，所以有些不熟悉，很多耳熟能详的快捷方式也不怎么适用于新系统，不过熟悉了是真心的很顺畅好用，还在持续熟悉中间，希望能够发挥出很大的作用。"
77,11101473813,尊享达送货上门，昨天体验了一天来写评论。太棒了！超赞！还能免费上wai wang，本本做工细节一流，也墙裂推荐带bar的，就是**比这便宜2k，有点不舒服。
78,11325285168,这质感真的不一样的，穿西装的小哥送过来的，还帮我拆箱子什么的，早上订的下午就到了，完好无损没有被拆开过或者动过的痕迹，送的包还可以，具体用一段时间之后再做评价
79,10812679802,完美，电脑音质特别好，除了买的时候，心在颤抖
80,11276545447,颜值很高，用起来非常流畅的
81,11396680395,还可以吧，用来做量化编程的，希望一切都好
82,11204302103,经验，需要熟悉一下，用来看视频，没毛病，107九九入手，早买早享受。
83,10938997450,大概是因为MacBook Pro的外观吸引了我再加上它那独有的Touch Bar让一切都变得更便捷，它的价格一直让我望而止步但还是抵触不了我想拥有它的热情?。最后以20069的价格拿下了15.4的512G版本。充电循环??2次、SSD固态硬盘容量剩余500GB、充电?很快续航能力一般。如果想买的朋友建议不要装windows系统，你可以直接购入win本。这款电脑适合学生以及学计算机专业、广告专业、音乐等领域的专业人士，买来看电视玩玩游戏简直就是浪费，你可以买一个iPad pro10.5或12.9的玩着比这个舒服，再加上工作处理也不错带着上课这些，如果有钱也为无所谓，直接购入趁现在便宜Apple Store教育商店都没有京东便宜。装一套wps要1998&yen;太贵了！适配软件太少！（感觉每次买到苹果的产品都喜欢闻一下新新的味道，这是癖好）哈哈哈?
84,11551094619,纠结了很久还是将15年买的Air换了，果然没有令我失望，操作非常流畅！非常适合轻度办公，音质好到飞起，比Air好用太多了，尤其是完全可以脱离鼠标操作了，最后618的的价格真的超级实惠了。买台电脑而已嘛，用不了那么纠结的，喜欢就好，合适就好。电子产品本身就是用来工作赚钱的工具。2-3年更新一回是很有必要的！
85,11292512307,2月6日下单，次日达，保修日期至2019.2.6，开封的那一瞬间真是爽呐～外观圆润，超薄，只是办公软件和ps不太方便，仅作消遣娱乐用不错，也没配鼠标，工作还是用上班时间用pc电脑办吧哦吼吼
86,11707707262,本子买在618以后，特意用了一段时间才来评价，说一下个人感受吧。设计行业从业者，一直想买个轻薄本，汇报方案、简单调调图、可以看平面图就够了，要求很简单。为什么最后选了它，也很简单～逼格和系统，简单省心。买之前也纠结过要不要等等新款，后来想想自己的用途，性能高低对我没什么意义也就释然了。裸机一枚，没贴膜没包壳，就一个送的内胆，公文包一放完事。最后说一下，京东快递很好，快递小哥很赞！
87,11013664281,用了几天才来评论的，用起来很快，外观也很好，就是不知道是不是因为自己重度使用，电池消耗的很快，在过一段时间在看看是怎样的
88,11070583632,超级棒！看了一个多月，终于在双十二买啦，还在熟悉当中～不过真的超级超级喜欢，爱死啦！为了它，得吃几个月的土啦?
89,10925377451,第一次买这么贵的电脑 但是还是物超所值的 感觉还是macos系统好用 那些玩游戏的 劝你还是买Windows系统吧
90,10950945507,显示屏幕比之前买的air好太多，触摸板手感极佳，赶紧买吧，早用早享福。到手价不到约9k.
91,11202772499,昨天下单，很快收到货，大雪天辛苦快递小哥了，年货节*秒杀，现在的笔记本是大一入学买的，到现在9年了，也到年限了。一直留意这款电脑，工作有积蓄了当作新年礼物了。电脑很漂亮，显示效果秒杀其他型号，就是刚开始用，还不是特别喜欢，慢慢来会好的，个人文档写的很多，需要家学校两地跑，重度Office使用者，电脑很便携，希望能带来更高的工作体验和效率，2018加油加油！
92,11198097598,惊艳！颜值整体设计没得说，真材实料，Retina显示屏真棒?7代酷睿CPU，电池也挺耐用的，至于发热个人觉得还可以，完全能接受，音质完美，Mac OS很流畅，就是用惯了Windows，还得习惯习惯，相信京东自营，物流没得说，快，推荐?
93,11722434068,以前没注意京准达服务，买这个下单时候，还必须要我选送货时间，遂生厌。早上8.30分刚把衣服穿上，电话就来了，可能我离大库进吧，小哥一口服务腔远比之前三轮小哥更专业，到了一看，小哥开一辆黑色喷有京东logo的帝豪，着实让人惊讶不已，心下暗道：京东这么牛了现在？！毕竟平时都开蹦蹦。上前表明身份，小哥打开后备箱，一摞儿黑红相间的盒子显现出来，最上面的盒子同样印有京东logo。只见小哥顺手拿了最上面盒子问道：是否打开验货？答：不必了。小哥仍四下展示示意包装完好，并道：如有破损仍可联系云云。收起盒子向家中走去，途经一早食店，稍作停留并吃了两个包子，一个茶叶蛋，还有一碗稀饭。酒足饭饱，扫了店家二维码结账，不敢耽搁，便继续向家中疾行，不消片刻既至家中。急急打开盒子，只见黑盒子封口处有京东奢侈品封签，撕掉并拿去黑色盒子，里面仍套有稍小一圈的普通纸盒，继续打开，电脑的自带包装这才漏出庐山真面目，不消多说，打开包装，翻盖，未及按下电源按钮，屏幕竟然直接亮了？好在官网查询后没什么问题。使用后感觉发热明显，续航不足 ，除了配置高点，屏幕好点，还不如15款的air，继续观察吧
94,10743797618,很不错 特别的舒服 果然一万多的东西就是不一样 以前还没有想过要换这么好的电脑 感觉自己一天游手好闲的 给我也是浪费了 哈哈哈。
95,11632450956,声音真的很棒 ，比iPad pro还要有感觉，?东现在学乖了，618当天的价格也和6月1至6月17的最低价一样了，估计是怕保价的太多吧！618没买的童鞋可以在观望一下 wwdc没出新款，9月份肯定要出新款的 ，可能有8代6核的cpu的.
96,11093939396,研究好几个月啦，单位电脑太卡，干活不方便，本子不错，头一回买本子，就买个最好滴，用的不错，2??万0??8??8??到手，用的就是爽，这回上班也不愁啦，
97,11384230288,包装很简洁，不过足够了~机子完美啊！老婆完全是冲着颜值买了这款，性能大大超过需求~用起来心情好就超值~老婆高兴就好~
98,11518615802,这是我网上买过最贵的单品了，非常爱不释手，怕划了，还买了一堆保护措施，配上保护膜鼠标外壳什么的又花了一千来块，再配个超级棒的鼠标，个人觉得这个鼠标比苹果鼠标好用，希望我的完美维护，几年后包膜撕下来还跟新的一样！这个电脑非常好用，发货超级快，我半夜下看到19500的单，竟然早上起来就送到了！京东真是大神啊！
99,11654272496,买后降价了，屏幕太小，想买大点的15.4，慢慢习惯系统中，很多不一样............................................................................
100,10839837434,给媳妇买的办公本，媳妇喜欢拍照，修图，平时也就看看电影，用下office应该是满足要求，蓝牙连不上手机是因为手机系统没升级，其余的还在摸索，触摸板很方便，基本可以脱离鼠标，话说，颜值就是王道！
101,11647709915,苹果的东西没得说，工艺品级设计，touch bar的加入，操作更方便快捷（美中不足的是耗电有点厉害，待机时间较老款要少30%甚至还多），新pro键盘更薄，手感更舒服，长期打字都不觉得很累，顺便表扬下东东，送货速度杠杠的！??
102,11435353703,京东快递一如既往的快，基本就是次日达；电脑包裹得比较好，应该是正品原封，苹果的工业设计确实不错，有touch ID，触控条功能很nice；另外真的如大家所说，在视频程序里播放视频苹果有免广告功能，苹果电脑独有的福利！
103,11487327887,五月14号买的。也就是昨天买的。盒子包装所有东西齐全我对电脑一窍不通本以为买来可以自己学可是太难了没耐心~
104,11661002853,还是挺可以的，苹果系统很不错，用起来很爽，不过建议不要买128的，真的不够用，还有就是QQ和微信只能同时登录1个，不能登录多个，这个是系统的限制，最后说一下，触控板，触控手势真的很好用哈哈。
105,11261201375,电池循环一次，屏幕会把我的眼镜惯坏的！除了风扇声音大了点！其他都很不错！开始会担心OS系统不好用，一个小时后决定不装双系统，OS很流畅！音响一级棒！真的是一分价钱一分货，我应该多加点钱买大内存的！
106,11077768887,双12买的，第一台mac，刚开始用还不太习惯，用了几天就会慢慢习惯了，分辨率很高很清晰，用腾讯或者爱奇艺看视频都没有~，这是mac的一大亮点吧，哈哈哈，总之用起来很好，建议不要拿来玩游戏，毕竟拿来办公比较好，推荐一个小米xiao.mi的外接口，既可以插网线，还有2个U-S-B3.0，一个VGA，一个充电孔，非常赞，比原装的要好多很，还便宜。
107,11312173614,"东西不错，没有划痕，查了日期，全新未激活，苹果的原封双层包装，有发票选的纸质，收到还是电子版的，不纠结了！关于产品，针对苹果品牌的，一、你做个笔记本，居然弄的typc口,配套接口少，要转换接口不方便！第二、接口转换也就算了，你不带bar的，就左边两个typec口，一个电源占着了，说不好听的，要么就买一转多的头，要不，同时都不能插2种设备！最后:很多typec转u**口都会和苹果无线网冲突，买几十的typec转u**，不带bar的，我说下冲突是99%的可能性，机器矫情的很，除非买苹果官方的typec转u**，就一个口，139好贵，而且官网选项发票居然有电子收据，你以为那是电子发票就错了，那是收据，你不主动找他们，他们都不补开，我给带税的钱，而且不在乎价格贵，你却把税省下了。人才！居然苹果官网有电子收据和普通发票二选一的选项！"
108,11069052413,双十二购的，便宜一点，凌晨拍的，下午就到了，京东就是快。电脑棒棒哒，就是不太会用，appid一直登录不上去，折腾了半天，打客服电话，很给力的帮忙解决了。为客服点个赞！第一次用mac，慢慢习惯吧！对于程序员应该很实用。
109,11670913617,"暗恋了很久的macbook 拿快递的时候激动极了
真机很美很轻 电池循环了3次 也在官网查了序列号
然后就开始逐步熟悉系统 跟windows很不一样 需要习惯一阵子 期待后续使用!"
110,11455372730,给力，在air和这款之间徘徊好久，最后选了pro，一天到手，到手后果然没有失望，还是一分价钱一分货，一定要在自己的能力范围内买最好的，最起码能用好久，心里还会很开心哈哈，总之不会出错，预算足够必须推荐这款。
111,11412554255,"基本：新机器无疑，保修扎实！
优点：完全无需使用鼠标啦，解放啦！材料使用一级棒！刚打开看到如此之薄，着实把我惊到了，也是第一次使用苹果笔记本！屏幕相当优秀，就是冲这个来的！本来打算Thinkpad12.5寸那个系列，但屏幕实在不行，尺寸又小，肯定亏眼睛，买了Mac pro！
缺点：键盘还不是很适应！感觉电量没描述那么牛！"
112,11135755339,好吧    还可以   就是内存买小了   才8个g   开发完全不够用   有时候会卡   其他的还好
113,11078128468,全新正品，很精致，touchbar很好用，随不同应用出现不同界面很人性化，省心省事，加入了指纹识别更快捷。到手以后查询了电话支持3个月，保修期一年，电池循环次数3。京东送货超快，凌晨下单，傍晚就送到家了?
114,11141805473,不错不错，鸟抢换换炮了，键盘还需要熟悉下，按下去有点不习惯，接口买了小米的转接头，省了一大笔银子，总之赞赞赞，用的京东京尊大配送，服务超好，说几点就几点，五星好评！
115,11387031962,看到13999，果断下单，凌晨下单，今天下午四点钟就收到，很赞！回来仔细检查了下，右边扬声器有点划痕，但是能接受。由于是大件了，买回来没有急着拆封，而是赶紧付费查了下，果然没有失望，全新没有一丁点问题。拆封后第一时间就是更新系统，MacOs习惯了之后，可以完全抛弃Windows！一百个赞！
116,10829286804,屏幕好清晰，启动也更快，中秋节买的优惠了很多，比官网便宜太多了，全色域p-3果然不是盖的
117,11336468333,用着很好，衡量3.8，618，双11，还有秒杀价格，这个价格很合适。3.8妇女节*元到手。虽然下单后过了几分钟降价*元为*元。也算很值了。如果在这个价格左右就赶紧下单吧！
118,11272632019,纠结了好半天，还是买了pro，虽然很多人都说用处不大，但还是抵挡不住它对我的诱惑，外型完美，超酷！反应敏捷，用起来心情舒畅！完全没有卡顿带给我的无奈感&hellip;&hellip;真心喜欢！这次还见识了京尊达的服务，送货迅速、衣冠楚楚、彬彬有礼，超赞！喜欢京东！信赖京东！
119,11266924811,电脑挺好的，查了序列号是全新的，就是有一处有点刮痕，不知道为什么，暂且不追究，屏幕 上有点脏东西，另外 快递是真的慢，我还是挺失望，没有按时送到，快递小哥 语气也不是很好
120,11541996881,用了几天才来评价的呢～太棒了，回来就测了下序列号～正品呀～嘿嘿，大爱京东，大爱果果～一定要买最大屏的～看视频，工作体验太舒服了，之前有个11寸的～眼睛快累瞎了&hellip;&hellip;
121,11347684781,还是很不错的
122,11232212942,赶上了8990的末班车，第二天一看，深灰色的已经9880了。及时下手真的是对的。
123,11392686529,没有传说中的正装白手套专人送货，瓦楞纸箱有破损，仔细检查后打开第一层，内部的出厂包装完好，电脑本身没有任何问题，开机设置升级一切顺利。具体到电脑本身，建议买家多在苹果线下商店体验几次后再决定选择购买，使用一天后刚好碰上新发布的OS系统升级，果断升起来。总之一分钱一分货，值得购买！
124,11619053613,618期间抢到的，真心划算，朋友做苹果生意都给不到这样的价，还有30天保价服务，相当到位了，现在家用电器数码产品统统京东包了，产品好，服务好，速度快，多快好省相当贴切
125,11358122601,17款Macbook pro质感超棒，做工更精细，视网膜屏真的很惊艳，键盘进程不如老款但还算舒服，不过未配备通用接口、及扩展口，而是用2个type -c接口替代，似乎太超前些了吧。总体很棒。这次JD物流配终于及时了服务这算到位，赞一个。
126,11077195500,比双十一贵，14298入手，mbar本来想着没什么用的，用起来还是挺方便的，超出预期
127,11356358541,早上收货的时候没注意看，电脑居然有被磕过的痕迹，因为已经激活了，所以不知道能不能退，问客户半天也没反应都是机器人回复。
128,11156726339,系统正在熟悉中，win 用多了，特地尝下鲜！
129,11547666115,快递很快，昨天买今天就到了，原装没开封，还需要适应一段时间，就是现在的MacBook Pro接口太少了还得额外买转接线
130,11347257088,挺好的，就是装windows 系统有点热，苹果系统没毛病，之前买了一台27寸的一体机一直也用着
131,11390876938,"苹果本子质量没得说，但是这里还是讲一下体验吧。上一个本子是macbookpro13withretina(2015early)。15年9月购入，买了applecare,还没过保。赶上公司报销（只能报*，呜呜），决定买个新款拔草，最近秒杀活动比较给力，入手*，相当于打了88折。已按照正常节奏使用两天，平常所需工作软件主要为office三件套。几点体验，1、touchid是入手高配版的唯一理由，解锁什么的方便不少；2、新版本子比老macbookpro又薄了不少，很明显可以感觉到变轻了。3、多花*块换来的touchbar使用频率并不高，保护颈椎，平时都使用外接键盘。不过长得很炫酷呀。4、感觉新本子速度上并没有特别明显的提升，可苹果优化做的比较好，老的macbookpro还没有变卡。购买建议，1、如果你用的还是15款的macbookpro，不建议现在买，因为老版接口丰富，用着还不卡。2、如果没有专业需求，平时主要使用鼠标，预算有限，不建议购买touchbar版本。综合来看，这次买笔记本主要付钱给了信仰"
132,11586679717,很不错，从WIN转过来的，这个系统需要一些学习成本，总体还不错，颜值太高了，顺便问一下，这本是不是不用关机的呀？
133,11354711525,一个小帅哥戴个白手套，捧着盒子走进来，搞得太隆重了，不知道的还以为求婚呢。那阵仗。
134,11656619180,一直纠结买13.3还是15.4，后来用来朋友12寸的MacBook 觉得也没那么小，就买来这个13.3寸的，还是很精致的，官网查了是新的，就是键盘用起来没有那种清脆的手感，可能是不习惯吧，还在熟悉一下系统和快捷键什么的，本来还打算买个鼠标，用来这款的触控板以后，发现这么大，完全够用啊，加上手势什么的，不需要买鼠标了，算是一个惊喜吧，刚收到，以后再来追加评价
135,11359546105,很薄，很轻，就是第一次用这种系统，不会用，还在适应中，只是没想到好多的软件都需要花钱啊。又换成windows的冲动啊。
136,10925879336,十月二日入手，用了一个月，最突出的感受是外观颜值高、屏幕的显示效果超赞。按键键程很短，不过很快就能习惯，习惯之后反倒觉得键程短使得打字的速度更快。电池续航一般，日常办公（使用浏览器、文档编辑、终端）可以使用七小时，如果需要开虚拟机或者编程的IDE续航就会大大缩短。机身非常薄，重量也很轻，从2013款的13寸换成这个，明显感觉书包轻了很多。可能前代的运行速度已经很快了，所以这款使用起来并没有感觉速度上有明显的提升。如果是追求轻薄，对性能要求不高，这款非常合适。
137,11587007867,送货速度很快，尊享达，开机激活10分钟搞定，开始体验中，开始键盘不熟悉，很快上手了，安装上了xcode，沉浸编程的快乐?
138,10761361777,新手首次用Macbookpro，机身设计做工精良，是我见过的笔记本中最好的，系统虽然暂时还未完全适应，但第一感觉无论从系统UI界面和用户体验都非常优秀！还有屏幕也足够惊艳，色彩画质都不是同价位win笔记本能比的！设计师摄影师用来修图设计是个不错的选择！
139,11375516217,很好。touchbar好用。买了很喜欢。小巧方便，比我以前的xps15小了很多。没有xps15的窄边更窄。
140,11232563641,喜欢京东，无人能敌的快递速度，价格还好，看了好几家店最后还是选择京东自营，安心省心，目前一切都好，使用一段日子再来追评。
141,11109136825,京东物流是真的给力，服务态度特别好，电脑没话说，苹果的确很不错，刚上手苹果系统有点不习惯，触控板是真的没话说，特别好用，手势操作很酷，优点太多了我就不一一说了，买的时候肉痛，用的时候是真的爽，速度超快，屏幕清晰，这是孩子自己选择的，超级喜欢。
142,11461616783,mac的细节处理没得说，拆包装各个环节都为客户想到了，电脑很漂亮，建议深空灰色，轻薄易携带！物流也给力！赞??
143,11502858973,太赞了，我这个对音乐有独特爱好的人，都感觉音质很好。对于一个笔记本的格调大赞，操作方便简单。
144,11549253399,打开盒子就惊艳到了，非常美观，性能也是没话说。就是这京东的快递一到大促就不行了，有待提高。
145,11704716735,很有质感，爱不释手！ 还好没买其他品牌 送的套也很有质感，发票是电子发票，质量目前没问题，用了不到一个月
146,11446867157,犹豫了好久才买的，也用了几天才来评价，简直是一分价钱一分货，再用某某品牌六千多的电脑，简直不想用了，触控板很方便，屏幕，音质都很棒，就是做开发有些软件装起来有点费劲，还在熟悉中！用起来说非常棒，很值得入手
147,10934429070,做工没得说，性能还在熟悉中。一直犹豫是128还是256，索性都得上移动硬盘，在这个剁手的季节还是省点钱买别的用。??
148,11576220015,特意用过半个多月才来评价的，出于工作需要买的苹果。总之还不错，苹果属于大小姐类型的电脑，得好好爱护。
149,10972255784,终于还是入手了，在Apple store看了无数遍后，这次下定决心买下来了。还是很不错的，电池2次循环。
150,11421990453,感觉还是air的键盘好用，这个键盘太硬了，总体还算满意，先试试一段时间先，晚点来追评价
151,11159690557,第一次体验京东京尊达服务，服务体验还是不错的，西装革履白手套送货，但是物流速度没有标准达快，有点失望，苹果的系统和做工话不多说用过才知道炫酷。只有两个type-c接口一个插电源，就剩余一个了，需要转化扩展接头满足更多工作需求。家用一般足够了。开始你的apple之旅吧！
152,11649091446,京东的物流 苹果的品质  京东值得信赖  特别不错  京东很不错   很好
153,11663540342,送货很及时，虽然不是京尊达，但是很准时，现在用了一下，应该是正品，比专卖店便宜很多。谢谢京东
154,11294750032,考虑到需要背着外出旅行，所以最终选择了13寸，但其实15寸大屏幕使用起来更带感。店家赠送的皮套很实用，感谢！
155,11661417629,用win的，这个想必很不习惯，而且什么都不兼容，做好准备吧。如果你不考虑这些，再考虑入手吧。
156,10933413506,超级喜欢，键盘手感柔软，机体轻薄。小巧玲珑，物有所值，尤其touch bar，更是专业。
157,11587849155,一直想买啊，真的超级好看好吗！等我用一段时间来追评啊，不得不说京尊享快递服务真好啊！！哈哈哈
158,11632347248,使用不错，轻薄易携带，配置办公完全够用，装了win10双系统也非常流畅
159,11240049045,实体店看过  纠结银色和深空灰  为什么选深空灰  不同的角度  不同的颜色  变色龙  性能还要用完了评价
160,10899526419,棒棒哒，就是不知道后期会不会出现涂层脱落现象
161,10639991926,首先赞一下京东自营快递的速度真的很快，而且快递小哥态度非常好。苹果的macbook pro做工其他品牌是比不了的，包装很简洁但保护很到位，屏幕显示效果非常清晰色彩很舒服处理图片很是享受，键盘键程虽然很短但是有清脆的手感我个人很喜欢这手感，笔记本的转轴阻尼刚刚好单手可以轻松打开上盖，本子的散热效果很好。最后要说的是macbook pro13寸的重量很轻非常合适经常需要移动办公的人。
162,11467911790,电脑没问题 全新未拆封，要提的是京东的配送真的是越来越棒了，京尊达服务很酷，快递小哥黑西服白手套，专门从通州送到我这，专业的不要不要的，很好的购物体验！
163,11073074888,可以说一款MacBookpro是我30岁之前的追求，如今实现了，折服的工艺和品质，只剩下要好好工作了。
164,11604737785,用了一周才能评价的，作为一名Linux工程师，这MacOS用着真爽，续航比我手机还*
165,11079983713,第一次买MacBook，刚开始习惯了win系统，后来Macos系统还是挺流畅的，本打算买air，但是男生朋友强烈建议Pro（你们懂得，男生总是考虑一些配置什么的）。为了论文，装了win10，虚拟机运作时间长了电脑发热还是挺严重的，偶尔散热功能还会开启，不知道是给我装的虚拟机的bug还是本来就这样&hellip;&hellip;总的来说还不错，快递小哥也很给力！点赞
166,11507269936,先说快递！京东的快递是没的说的！速度！又是京尊达！更是快上加快！小哥现场一起验收的外包装！完美！买东西还是要京东自营！主要是省心！若是有什么问题！电话也好！在线客服也好！也都给你办了！
167,11615794176,不错，屏幕比air好多了，pro比air更小巧。
168,11586592462,"浓浓的苹果味，棒棒哒！这才算人生第一台笔记本电脑！
感谢京尊达的小哥，在我家楼下等了一个多小时，十分感谢！上一台联想用了五年了，换到这个Mac，挺顺畅的，没什么不适应！"
169,10546269554,机子很棒 因为薄舍弃了各种接口还是很不方便 比想象中的要重 屏幕非常棒
170,11316241806,发货速度很快的，电脑也挺好用，第一次用苹果系统，还在熟悉中
171,11080498866,现款的MacBookpor非常薄，携带方便外观好看支持京东
172,11245956470,不错，非常贴合电脑，就和苹果工厂出的一样，非常适合，赞，京东的速度非常快
173,10692382388,原来买惠普新出的envy13.3寸高配，到手后发现屏幕太小，就决定加价换mac pro。*入手，屏幕很细腻，装了双系统，win10下有时会死机、比较烫、有些办公软件不兼容会变成超小字体，外观很漂亮，总之挺喜欢的，给五星吧。
174,11304040842,蛮好的。感觉很棒，设计软件啥的我再也不会卡了屏幕颜色很棒，是我需要的
175,11554456448,一万多的电脑就有一万多的颜值，系统还不熟悉，慢慢适应吧。
176,11249409424,看视频，发热，其他还好！苹果外观确实很棒！发热有点讨厌，很热！没试充满可以看几小时的视频，后面追评！
177,11475340859,物流速度真快，快递员服务很高端呀，刚到手开机，先感受一下
178,11603535701,相信品牌，相信京东。但是得习惯一阵才能用的顺畅
179,11688163441,给我儿子买的。   他说很喜欢。  用了以后再来评论
180,11607997803,整体不错！看视频时间长了或应用打开多了有点烫
181,11236767424,买Pro可谓一波三折，2月6日拍的，说好的次日达，8日也没收到，并且物流信息显示送错站点了。8日又购了PLUS会员，又拍一个，9日送到了，东东当然没得说，送货小哥态度很好。
182,11568265554,买了之后没多久就出现这样的问题 不知道什么情况 大家有遇到过的吗
183,11419340661,目前都还很好 美中不足没有US借口 需要再买转换器
184,11545003625,很不错，送货员很好，日常办公，出差带着也方便
185,11463993672,苹果系统是好，就是有些软件不支持，装双系统了
186,11586513881,东西很好，很喜欢，和苹果的实体店完全一样，包装小巧且精致。
187,11487044995,还是银色好看，没有接口，需要自己购买。还得买个鼠标。
188,11636173108,刚到，开了。正在用，以后再来评论，先尝鲜和享受快乐吧。
189,11437127568,开发用，偶尔修修图，台式机不方便移动办公。
190,10890409236,拆快递的时候超激动的 果然很薄 外观很好看 显色也很好 键盘的亮度也会随着环境光亮的恰到好处 速度也是没话说（但是 一定有但是 打开keyshot渲图速度有点慢 声音也很大 温度升的也很快 电量降的也超快的）其余都很好 充电的时候 手轻轻放在上面 会有轻微震动感 向电流一样 之后看网上说 二插充电器换成三插的就可以了 等我的三插充电器到了再来追评 总的来说 还是值得入手的
191,11364522583,内存小，运行快，是新机子，比实体店便宜一千块
192,11232262056,苹果电脑的激活时间一直是很头疼的问题，也不纠结了，通过各种手段判断是新机，循环通电3次，屏幕无漏光，用一段时间后再来追评
193,11474290642,一直在纠结买MacBook Pro还是thinkpad x280，去店里对比过，win10系统也是用起来有点变扭，pro的设计确实不错，单手开盖很棒，屏幕真的是很惊艳，无敌手，只是系统需要熟悉，充电的时候还是有点发热，不过在正常范围内，能接受，续航还没来的急体验，京东快递很好
194,11563966110,特意用了好久才过来评价，这个价格买到比美国代购都便宜了，怎么说呢，续航时间有点短。不知道是不是我做图没设置好，有时候会卡，续航是大问题。运输包装啥的就不说了。总得来说还不错
195,11457227773,一次很满意的购物，京东一直形象还不错
196,11322266793,震撼，第一次用苹果笔记本，13寸的pro。1、充电时候会震动，轻微的。2、键盘用起来感觉一般般吧，但笔记本都差不多，办公也没啥问题。3、触摸板真真是太牛了，不多说，去实体店体验一下就晓得了还在摸索阶段。基本可以告别外接鼠标?。4、touchbar只是眼前一亮，普通人用感触不是很大。5、喜欢WPS，但这回只能下office了，找的破解版，花了*大洋。先说这么多，才入手没几天
197,11443322677,2018年五一假期，给自己买了一份大礼，很兴奋！第一次用苹果笔记本，期待给我的工作和学习创造更大的便捷与价值！之前的某某电脑用了5年，太大太重了，不适应我目前工作经常出差了。拥抱苹果pro！让未来的自己成长得更好！@80后。
198,11580818370,太高端了 喜欢～设计狗一直用macbook的～
199,11563048006,苹果电脑就是好用，第四台了
200,11239032202,很好价格太贵了但是确实很轻很薄特别喜欢音质
201,11558408710,收到很满意，大小正合适，喜欢，发货速度也很快.
202,11595524635,昨天买的今天就到了，无可挑剔，用段时间再说吧
203,11000452087,不错很好，一直苹果的电脑。这款除了电池太不经用。
204,11568636530,电脑购买日期显示是5.3日，懒得去计较那些了
205,10976162023,漂亮 实用 性能好 逼格高 ￥8902
206,11328025962,比想象的小了点，装逼神器
207,11558448569,第一次买这么贵的电脑，买的时候好心疼，作为一名coder，还是喜欢效率工具，mac是不错的选择，装B和效率兼具，配置低了害怕卡，最终还是定了256的，512的还是太贵，哭，电池循环两次，官网查保修一年，都没问题，就机子来说，颜值很高，很薄，键盘键程点，感觉在敲桌子，笑，本人要求不高忽略，没有了可以亮的苹果灯，装b指数减半，笑...，谈谈touchbar，个人觉得，用处并不大，我几乎不用，用的最多的就是指纹解锁啦，装B指数+1，额..，大概就说这么多，感觉写的像是评测，笑cry.....，快递，emmmm，灰灰常快！
208,11444802417,经典银色 速度超快 超级喜欢
209,10955936305,京东服务很好！包装完好，无拆封痕迹。拿到第一时间就开封了，包装也很严密。打开检查了看，正品，值得信赖。激活icould步骤也很简单，无复杂。这是初期体验，以后用的怎么样在回来
210,11409225158,很不错，咬咬牙买了，很值
211,11588507533,喜欢啊大爱，但操作系统还不熟，慢慢晚
212,10509551677,7代i5 7360U这款cpu还不错，够用，为了DJI换的，处理一般的航拍视频剪辑够用，比我之前09款pro薄轻太多，送了ipod.....
213,11298466931,性价比超高的一款，触控很舒服，分辨率超级高～喜欢
214,11497834420,电脑还可以 音响音质也可以
215,11573832080,第一次买苹果的本本，感觉不错，京东的京尊达服务很好，穿着西装革履的专人送货，当场验货，就是中英切换键旁边的口不是很平整，算是一点小瑕疵吧，不过不影响使用，就没申请换货啥的，希望质量棒棒哒，买的比我同事在实体店购买的价格低，续航稍微比同事的低一些，可能因为女生轻度办公，我使用比较多，偶尔会微微有点热，总的来说是一次不错的用户体验
216,11122980870,苹果电脑的做工没的说，屏幕显示效果也相当好。
217,11240888311,第一次用轻松购，结果发错地址??，幸好及时退单，重新下单，保证了当天内到达。临近春节，辛苦尊享使者，还算满意。关注这个本本很久，最终没忍住，下手&hellip;&hellip;&hellip;???
218,11439785129,拍了好久，看着优惠活动，在朋友的&ldquo;怂恿&rdquo;下，终于下单了，本区没有货，直接从上海调取，隔了一天就到了，拆装，开机，激活，检测，电源循环3次，保修时间是下单时间，一切正常，刚开始很容易留手印，过段时间再看，或者买个保护膜，开装延迟拍摄如下，哈哈哈
219,10550345712,"把产品做成艺术品，完美
感谢京东送货很快，小哥很热情"
220,11721004035,在微软的Surface和苹果Mac Pro之间犹豫了很久，还特意跑去**电器商场里面实际的感受了一下两者的实用感受，最终还是选择了苹果，苹果的速度快一点，清晰度更好点，微软的就是具有触屏，而且是我们熟悉的Office。在网上买就怕有假货，当天收到货后，仔细的查了一下，是正品?！希望在使用中也不会出现什么问题。
221,11233322204,很好！很强大，你你值得拥有
222,11546000764,还可以，13英寸带有touch Bar 256G京东秒杀价12488元，加上我有1500的优惠，到最后拿到手10900元，价格合理
223,11326606851,不说了，一个月第二台，我一个，儿子一个！
224,10998432434,开机快，第一次用苹果系统有点不习惯，正适应中，买个大的内存没错
225,11627544899,菜鸟第一次买送女儿的儿童节礼礼物，正在慢慢学习中，京东自营买放心，品质保证。送货小哥帅帅的很愉快，言语言行素养很高，必须点赞！
226,11520816369,宝贝是正品，可以放心下单了。
227,11475808723,很好耶，很喜欢，质量也没有问题
228,11243277773,此用户未填写评价内容
229,11451950721,以前买不起，工作了，可以买了
230,10952126621,电脑确实很好，苹果的触摸板果然强大，强大到鼠标直汗颜！目前还未发现问题，只是充电器的做工不像苹果的作风，接口间缝隙明显&hellip;&hellip;
231,11218099410,简直就是工艺品，好买，还不知道怎么玩，小心翼翼的。但是做工外观没的说！
232,11601005161,还不错目前没什么问题
233,11418014471,苹果的产品做工确实漂亮，退掉微软是正确的选择。看了好多评价有说收到外观有损坏的产品，我下单时内心也是很忐忑的，一万多的东西，真收到有问题的Mac，那得多烦心。所以我特意选了货到付款。京尊达的小哥确实服务态度很好，专车专人配送，没到我选择的送货时间，小哥早到了还说要等我下班回去。当然我这善良的人也不会让小哥久等的，改送到公司了。虽然还是要先付款才能开箱，但当着小哥的面验货，要真有问题，就让小哥作证。
234,11151551827,这大概是我在京东买的最贵的东西，到手那一刻觉得很值这个价。看图。真是无法抗拒。
235,10569831959,新买的电脑颜值很高 但是感觉发热有点厉害 续航也还行 装了双系统后很多软件显示的字体很小不知道为什么 希望大神可以帮帮我 跟旁边的air比起来显得小一些 但画质好很多 如果有人可以推荐我一个制作视频的软件在mac系统上，那就太好了
236,11431396192,还是比较不错的，推荐。
237,10861170188,全新未拆封，外面箱子太大了。晃荡的，电脑很薄。很滑，记得买套。用用还习惯，鼠标白买了
238,11078906863,终于收到了我的第一台苹果笔记本电脑，在网上查了很久，在air和pro之间权衡了一番，最后决定买就买配置高的，虽然我不是用这个本子做设计，但还是决定选个好的?，去实体店看了一下，立马被macbookpro的颜值征服，刚入手，mac系统用起来真的很不适应，希望未来经过慢慢地摸索，会适应过来。。。
239,10852822006,电脑很好，物流也很快。建议买个转接口，鼠标基本用不到，可以先用几天看看再决定买不买。
240,11284339491,"电池次数1。查询是一年有效期。应该不是翻新机

pro的体验非常完美 做工赞。不需要鼠标操作很方便。习惯了ios就会觉得很方便了"
241,11371460017,京东做活动时买的，优惠一千多。也是第一台苹果本，屏幕无敌了，看着特别舒服，系统还要适应一下，不打算装双系统，苹果精华就是软件部分，买了512存储的，因为有些时候要修图，纯办公用，不玩游戏，玩游戏用台式机。雷电接口太超前了，还要配转接器，键盘手感一般，影响码字速度。电脑太贵了，纠结好久才入手。最后表扬一下快递小哥，早上9点整准时送到，正装配白手套，非常正式，非常有礼貌，赞一个！
242,11684555020,快递小哥穿着西装 开着小车 而我穿着家居服和拖鞋 在风雨中 快递小哥双手捧着电脑递到我的手中 要给这位小哥点10086个赞
243,10847424905,送货很快，电子产品京东价格便宜
244,10968151585,双一买的 第一次用Mac
245,11220467641,京东的尊享达送的，第一次体会，专车司机专业送达，的确有档次，享受了一次VIP的待遇。期待这款电脑很久了，苹果的MacBookpro没得说，可是第一次打开还是激动了一次。
246,10618304978,"体验跟windowd 差别很明显，
流畅的操作 要飞起来，
原生支持bash ，简直爽爆了，
手感，操作，外观 赞！

漂亮得不像实力派！"
247,11242434065,整个购买的体验非常的好，开箱的时候很激动，做工非常精致，很满意。
248,11205320410,非常好！京东物流超级好，精准达，准时送到！感谢！！！
249,10603082185,使用了半个多月，真心感觉这款笔记本好用，让你工作的方式更优雅。
250,10988699748,下单前，曾考虑过很多款笔记本，Suface、小米笔记本、ThinkPad&hellip;&hellip;最后还是选择Macbook！实物拿到手后，太惊艳了，视网膜屏幕真的很舒服、触控板代替了鼠标使用、蝴蝶键盘敲击很舒服、还有就是touch bar、以及iCloud功能&hellip;&hellip;太多的优点，唯一缺点就是OSX系统目前确实部分APP没有Windows好用，希望以后可以通过update改进。
251,11128028304,第一次买这么贵的东西，又等了两天才到，心里很是煎熬&hellip;&hellip;快递小哥西装革履，专人送货，瞬间高大上了！包装很严实，电脑没有瑕疵，根据提示很快就激活了，完全没有问题，之前的种种担心总算落了地，很满意的一次购物，给京东和苹果一个大大的赞！
252,10976860130,心心念的mac想了好久，终于在双十一忍不住剁手了，价格比平时便宜些，分六期，不过还是只买了个标配，加油，以后买个15寸！
253,11151706799,挺好！帮妹买的！
254,11521437371,送货及时，东西真心不错！电池循环3次，保修整整一年。应该是新机。想买快半年了，秒杀入手的，便宜不少。
255,11655020581,电脑不错，很漂亮，第一次用，系统在熟悉中，键盘有点不习惯，慢慢来适用吧。
256,11350056013,一分钱一分货啊，很漂亮的机器，很有科技感！物流速度太快了！~~~赞赞赞~
257,11251720395,包装外观没有问题，电池循环2次，电话服务和保修期正确一致，相信京东！
258,11454415990,苹果的pro，性能就不多说了，说说外观吧，真的很赞，工艺的结晶啊，特别是掀开屏幕自动开机很人性化，虽然一开始有点不习惯。另外这次升级只是考虑自己需要一个便携性好一点的本本（轻办公查资料文献为主，续航很看重），用以替换自大学时代跟着我的thinkpad（本来犹豫要不要买T480的），用用看吧~~~
259,11697468908,昨天下单今天就收到了，京东自营的。可以信赖。刚收到特别喜欢。小一万呐&hellip;&hellip;第一次在京东买这么贵的东西。苹果真爱粉，家里3个苹果手机一个苹果ipad，加上这个苹果笔记本就5个苹果机子了&hellip;&hellip;这个也是最贵的一个苹果机子&hellip;&hellip;正在研究苹果笔记本的各种功能。验证了是国行正品。
260,11285740450,考虑了很久还是下手了，为俺媳妇买的现在用起来还不错；办公起来错错有余！京东还是给力发货速度没话说的，第二天就到了，我国京东顶起??
261,10978017726,"用了有一个多月了，说下感受
硬件方面：
1、蝶式键盘刚开始用起来可能不习惯，适应了几天就好了
2、机身薄，携带方便
3、17款不带bar，接口少，只有两个Type-c接口，一个耳机口。使用起来有点捉襟见肘
4、Retina屏幕没的说，大爱
5、触摸板灰常大，各种手势支持，装逼又实用
6、充电电源两头都是Type-c，既不用分正反面，也不用分两头（我还是喜欢MagSafe）
软件方面：
1、各种软件就是装，什么安装路径，什么环境变量，一个拖拽全搞定
2、一般不关机，开盖即用
3、Home brew管理，嗯 ，很强大
ps：Logo不会亮了，不能一只手开盖了，不能自己加内存条了"
262,11296650599,漂亮，比我之前的MacBook Pro2015款好看，超薄，喜欢就要买
263,11317226111,"入手12799
就一个电脑一根线，后续又配了转换头
东西挺好用的
快递真快！"
264,11170343339,用了一段时间来评价，刚开始系统没升级的时候，wifi总是自动掉线，都准备换台新的，升级了就没出现问题了，用起来很不错，主要是质感很好
265,10773165170,win转过来用的，特意用了一段时间才来评价的。真的物有所值！！！
266,11080600086,超级牛掰，非常好使，送货很快。这是京东的特点。而且还是专门儿的，vip送货。有专人专车，还带着白手套。b格很高。质量没有问题，服务超级牛掰。
267,10907778458,虽然性价比确实相对较低，但是用了几天后，最大的感受就是比起原来笨重的性能本，这个确实是轻多了，背出去很轻松，同时工作效率得到了提升，确实在mac设计方面做了很多易于用户操作的优化，我是做开发的...
268,11378693496,整体制作水平一流 ，使用效果非常舒服。除了键盘键程稍短稍硬，唯一不满的是快递员没事先联系我直接放在了自提柜，而我刚好一直在家等。
269,11194041522,很好，包装的很不错，送货快，京尊达的帅哥很不错
270,11193856830,宝贝收到，很不错，京东工作人员送上门态度好，值得点赞
271,11378563543,现在就在用着    很不错的mac   做设计都够用啦    一点也不卡
272,11175845461,"看上屏幕才买的 这个价位屏幕好性能不错又轻便的笔记本也就只有苹果和微软了 第一次使用Mac系统 还没装双系统 用了几个月总体来说还是不错的 大众化的软件基本上Mac都能用 个别专业的软件以后估计还是得上Windows 一到货就发现表面有瑕疵 联系客服了确认是苹果的工艺问题 这个值得吐槽 不是第一次买苹果的产品了 不管是什么途径买的 有一半的产品到手了都是有瑕疵的 
这次总体来说还是满意"
273,11233362784,电脑很好看，没有失望，京东很快，包装很好，喜欢高颜值的pro，看着就很有质感。不过，要买很多配件，软件，入之前要想好。
274,11354935712,在京东买苹果电脑感觉特别高大上，快递人员穿着西服带着白色手套，特别专业，而且彬彬有礼，让收件人特别舒服，电脑包装的特别好
275,10709249046,苹果开始逐步摆脱经典的MACBOOK形象，用更商务化的深空灰，金属感的LOGO来打造一个全新的苹果笔记本形象，更贴近商务环境，更有轻奢的感觉。试想一下，如果一群穿着GUCCI或者BOSS的人，掏出一台银色并且带有亮闪闪的发光LOGO的笔记本，这画面还是略有些违和的。所以，我把新款的深灰色macbook pro称为&ldquo;西装快男&rdquo;，一种商务轻奢的范儿。
276,11717907899,早上下单，下午就到，物流很好。工作需要，以前都是windows开发，买了pro以后要好好适应了！
277,11543516618,速度很快，质量很好，电池循环一次。还在探索mac系统，很赞！
278,11498536955,不错.亮度60%  能用七八个小时把.看本地视频11个小时左右.续航还是很满意的.充电速度很快.性能也很快.开机速度也很棒.自己用单反拍了几张图片给大家参考参考.
279,11669286279,非常喜欢，百看不厌，苹果，信得过。
280,11257985938,第一次用这么有逼格的笔记本，之前一直用ThinkPad，当然，也用了假的ThinkPad一阵子，一句话，甩之前所有用过的笔记本几十条街。苹果的软硬结合真不是吹的，手势操作真的是笔记本天生的搭配，不明白视窗系统为啥一直不借鉴？另外，即使是office看家三大件，如果不是习惯问题，苹果系统的设计绝对秒杀一切！我不明白为啥装个双系统？到现在为止，颜值，续航，音效，人性化均无比满意，从此与视窗笔记本别过，更别说那假的ThinkPad了。???
281,11504548598,速度超快，早上下单，下午下班前就到了。
282,11464273468,今年年初把用的3年多的ME294出给朋友了，想着换个2017款的MacBook Pro，唯一阻碍我换新款MacBook的原因就是全是type-c接口。所以想购买2017款MacBook Pro的朋友在买笔记本的同时先购买好type-c扩展坞或者转接器。因为本人工作需要，需要安装win10，2017款MacBook Pro通过bootcamp安装win10后，win10蓝屏的几率很高，比之前ME294蓝屏的几率高很多，对win10性能要求不高的话，还是在mac os下安装虚拟机比较好。笔记本本身的做工自然不用说，还是苹果一贯的品质，总体来说还是满意的。
283,10736808624,"从京东第一次购买这样的价位的商品，未曾料到，京东的服务是如此的贴心，特别优秀！
MAC Book pro, 收到了，小儿子很喜欢，应概是他学习的利剑吧！
评价：五颗星！
应用一段时间，再评价！"
284,11071059004,首先夸下京东的物流，真的是特别棒特别给力，昨天下午下的单今天中午就到了。原本想买深灰色，纠结了很久还是选了银色，拿到手的时候打开一看，确实银色在暖色灯光下显得更加亮，也挺好看的，毕竟是经典色。打开屏幕的时候嗯大家都懂得～也是因为这个屏让我特别心动，当然还有它的触控条也是我的菜。新款大家也都了解过，键程确实小敲字给你的回应也小，它的接口确实不太讨喜，还需要买转换器?。评论再多再好，选择权还是自己的，如果有条件的情况下可以考虑入手。
285,11559047738,此用户未填写评价内容
286,10766104334,打开盒子那一刻，真的觉得是艺术品啊，一体成型，很漂亮。用了两天了，总体觉得不错。系统顺畅。看了保修等日期，都在合适时间内。送货速度很快，第一天下单第二天就到货。满意的一次购物。大家可以看秒杀的时候出手，或者等双十一估计有更大优惠吧。
287,11476827141,"早晨睁开眼看到降价提示就买了，下午就送到了，配送神速！！
收到后晚上回家就开机了，质感什么的不用说，屏幕感觉棒！
看了一下午电影，感觉电池使用时间没有传说中的10个小时那么久，充满电用了也就六个多小时就剩16%的电了，买的office软件第二天到的，还没装，装完追评。"
288,11239767947,一分钱一分货，除了贵，目前没啥毛病
289,10975759342,双十一前八久五七入手，后来双十一降价保价后巴吧五八到手，苹果的品质还是很不错，新一代的本本薄了很多，接口也变少了，必须另外配转化接口。屏幕分辨率比air强太多了，处理速度也快。经过检验是正品，收货包装完整，序列号有效，送货速度也很快。以下是12年pro对比图，自己买的磨砂贴膜，质量很好，不反光，还很清晰。深空灰确实漂亮！只是简单的办公需求，128够用了，可以另外配个自动硬盘，性价比更高。
290,10820603891,真是太惊艳了！物流给力，收到货打开的第一眼几天就惊艳到我了，帅气的外观，显示屏真的很惊艳，绝不是其他妖艳贱货能够比拟！尺寸真是好爱啊，纤薄的机身，一手掌握，简直出行利器。更重要的是可以买logic pro x啦，一直玩GarageBand ，觉得不过瘾！
291,11364219186,包装完整全新，送货的人也是特殊的，效率高。给个提示，千万不要点文件保险箱加密。
292,11220010521,第一次买苹果产品，感觉还不错，质感好棒d ^_^?用一段时间再来评价！！！
293,10813506664,经过长时间的思想斗争，终于买了，以前用过两年苹果笔记本，后来丢了，由于工作变动，没有了用笔记本的必要，现在又由于工作的原因，给了自己一个买苹果笔记本的理由，趁着京东自营秒杀就买了。快递一如既往地好，笔记本没得说，除了贵点儿，没有不好的地方。
294,11262808184,京尊达服务，非常准时，专人送货上门，包装的特别好，电脑是正品，电脑外观精美，非常高端大气上档次，价格比实体店优惠些，京东信得过。
295,11168638252,买了很久才来评论的，总体感觉不错，当时在Thinkpaid和苹果之间犹豫，最后还是买了这款，买来做开发用的，优点嫩就是这款很轻薄，看起来很好看，很#，然后视网膜屏幕的效果真不是盖的，比我原来的电脑好用太多了，而且增加的touch-bar用起来很方便，但是另一方面就是增加的Touch-bar覆盖掉了传统键盘的F1-F9，虽然在设置里面可以改成F1-F9但是这样这款产品改进的地方就没办法使用了、这是一个很矛盾的地方，然后就是笔记本的自带触感鼠标大了很多，这一点用起来不是方便一点点，基本上让鼠标变得没有那么重要了，然后说说缺点，虽然在宣传片中说键盘是特殊改造了的，但是！！！我认为它的敲击感太浅，远远没有Think-paid那种敲击感来的干脆舒适，还有就是改用的所有借口都是type-c的接口让我的开发变得很难受，还必须买转接口，在接口这方面给我带来了很大的困扰，还有就是内存过小，它的硬件配置已经满足我的需求了，唯一不满足的就是内存过小，但是想买512两者价格差的太大，虽然提升了一部分性能但是那部分对我来说不是刚需，刚需就是内存，这让我再多花那么多钱变的很不值。
296,11417939405,物流相当快，包装很好没有破损，产品就不用说了，关注很久了，信赖京东的品质和服务。
297,11288064013,首先，包装仔细，完好无损。其次，快递速度快的没边了，从下单到收到东西4个小时！先点个赞！最后再说东西，苹果的做工不解释，显示效果超赞，系统超好用。就有一点不好，无论是看个电影还是玩个炉石传说，发热太厉害。不过，超薄本嘛，可以理解。不玩游戏就是了。
298,11175231236,非常棒！！！
299,11317986627,用了一段时间才来评价的，之前犹豫是买15款的16g还是买17款的带bar的8g最终选了17款的，但现在觉得要选的话应该会选16的吧，感觉bar没啥太大的作用，但是已经非常满意了，毕竟电子产品买新不买旧，可能随着用8g会不够，努力学习各种操作快捷键
300,11716229696,我不知道一个新电脑为什么还会卡机，而且不止一次，也是郁闷到顶了，包装很简单
301,11442886906,苹果本很漂亮，很薄很轻，屏幕清晰孩子很喜欢，
302,11386843732,等待已久，13999果断下单，京尊达很不错，服务态度很好。虽然是i5 但是匹配OS系统时速度也很快，正在安装各种软件。
303,11367399907,很久没在京东评论了，特意买了个512G的，电脑买回来装了双系统。切到Windows发热比较厉害。不过还控制范围内，还是喜欢用os系统。估计win10也会很少用，买win10系统的钱死的有点惨
304,11444696827,京尊送当天到很及时，26号品牌日优惠力度很大买的。苹果做工和软件系统没说的，没美中不足只有四个typeC接口，充电也用这样接口没有原来磁铁式方便，可能这才是能做比老款轻薄的原因吧，接入其它需要单买转接口。
305,11626041490,我是打的物流电话，自己找的送货员取的，太着急了，第二次买苹果笔记本，新款颜值的确很高，618买的，可惜没有买到自己钟意的灰色。新款没U**接口和sd卡接口挺遗憾。自己又配了转接器和鼠标。先用用本子再回来评价。
306,11577544991,用mac很多年了，第一次碰到闪屏情况
307,11564361520,京东物流绝对超一流，穿着制服专人运送，一看就感觉那么专业、高端。外包装也非常到位，2层外箱最大限度保证最里面的电脑原包装的安全。苹果电脑就不就赘述了，15年来笔记本电脑的首选，没有之一，赶紧去玩新电脑咯?
308,11410622992,这次买电脑是我下决定以来最快的一次，产生买电脑也就是在上周，一周的时间就决定买下来了，我有选择恐惧症，去朝阳大悦城看了几次，犹豫是买一体机还是Book，我第一次用京东，然后刚好遇见418来电节，原价18888，最后16688到手啦，开心的不得了嘿嘿。也有别的店更便宜，但是我比较相信京东自营店，希望京东不要让我失望噢，这是我第一次用京东，买手机电视电器我都是在别的地方买的。我是拿来修图调色的，苹果电脑的色彩就不用说了，17款的颜值特别高，很好用。赞
309,11523573384,送货很快，虽然用了苹果手机和pad多年，但是还是不适应笔记本，应用实在是太少了，完全不一样，后悔买这个了
310,11233860590,期望已久，终于到手了，给自己2018最好的礼物！
311,11010651908,"电脑有问题啊！！！刚用几次，已经出现两次电脑没反应，彩色圈圈一直转的问题，到现在已经转了将近10分钟了，一直没反应。并且下东西速度非常慢！！才100m的东西竟然显示得下两天！！！
而且这次派送也有问题，买了一个星期，系统一直显示一个站点货物太多，让我等等。结果有天早晨莫名其妙地，就显示已收货！！吓得我赶紧起来打电话，结果送到了自提点，还是我自己搭车去取的&hellip;&hellip;
让我老觉得苹果电脑感觉被调包了&hellip;&hellip;不然怎么会出这种问题?"
312,11357938405,酷酷酷，开机没电，充了两个小时满了，查看一切正常！直接丢电视，只要一个Wi-Fi
313,11540747637,刚买回来不会操作，感谢客服的耐心指导。用了几天系统非常流畅，语音功能特别好，产品质量好。老婆特别喜欢，电量使用6-7小时没有问题的。最后要说快递员，人特别好，包裹外面特别干净，表面无埙，内里世无埙。极速到达。
314,11575110122,"尊享达就是爽，不过这个外包装太锋利了，一不留神划了一个口子。
本子不错，熟悉中。。。回归了万能的命令行时代，预制的一些应用是没法卸载，商店里的软件在国内常用的不多&rarr;_&rarr;。等着本子的配件到货就完美了。
typec输出很猛，一个转接头带了一个分线器，一个机械移动硬盘，三个优盘都能运作。
客服说30天保价"
315,11258894724,特别感谢！圆了苹果本的梦想。买前就好生研究各型号，最后选的该款。带Bar不是为了酷，而是配置中CPU更高一些。又等了几天，赶上春节限时活动买的，虽然过了几天，又出现plus的会员价，但也满足了。没选海外购也是担心售后服务的问题。快递也给力，第二天就送到了，要知道，还在春节期间，特别感谢！这样的电子产品还得上京东！谢谢刘总！
316,10633874088,稍微适应了一会儿就上手了，确实很好用，尤其是触摸板的逻辑，比鼠标要强很多，办公软件的话买个了许可，和Windows 7就没什么区别了，就是内存空间少了一点，买了一个外接硬盘，实际使用效果不错，如果有的人是使用小米的转换器的话，那个转换器配MacBook会很烫很烫，建议慎重考虑
317,11162053964,第一次用mac系统，感觉挺不错，要好好利用和爱惜，毕竟5位数的笔记本。
318,11561539258,"买之前一直都有担心，网上的评价有褒有贬，看得我眼花缭乱。
之前的iPad和iPhone都是直接在大悦城的实体店里买的，这是第一次在京东买这么贵的东西。犹豫了好久终于下了单，第二天收到，拆箱之前先查了一下序列号，发现没有问题。于是开始激活电脑，屏幕很赞，没有裂痕和缺口，这个清晰度真的感人，幸亏没有买air。总之好评加加加加加啊！都说买到的东西好坏是个概率问题，庆幸自己运气好，买到了一台很赞的机子。这次无论如何都要给京东一个好评！
BTW，真的爱死了苹果系统，买苹果电脑就是为了系统买的，为什么那么多人买了mac却要装双系统呢！！！！！"
319,10963843609,"开箱实测，爽是爽了，但是晚上就被我编译东西弄崩了。只好重新来过。
结果用互联网方式重装系统各种验证失败，搞了我一天时间。之后不敢在系统上编译了，开发环境还是用个docker算了，怕怕的！"
320,11620719883,电脑很好，外观很赞，风扇根本不转，很安静，买来学开发的很好用，电池也很耐用，用了几天都没关过机，一晚上最多100之5，很不错，屏幕很棒，键盘不像传说中的难用，就这些。
321,11663363024,一个月使用下来，对于新到手的2017款MacBook Pro 13&quot; 还是很满意的。虽然键盘手感对比起来不如2015款，不过它有更小的体积和重量，边框虽不如Dell XPS那样惊艳，但也比2015款减小不少。CPU的提升在日常使用中，特别是在数据处理中还是能够感受到的。同时在不跑计算的正常使用情况下，个人感觉续航比15款并没有减少太多（从大约7-8小时减少到6-7小时，非严谨测试），也能满足基本需求。
322,11202734979,五星好评，买了一天之后就降价了，然后申请保价，秒到账，服务态度真的很好！刚开始使用MAC系统各种不习惯，正在慢慢适用，但是使用感真的不错相当流畅，办公利器。查了查序列号，也是新激活的，总之是很满意的一次购物体验。祝愿京东越来越好。
323,11490355779,给公司程序员买的本本，点名要这款，简约而不简单的选择。可惜只能拆箱，期待公司什么时候给配一个。
324,11217065758,之前用的air现在是pro非常满意很适合做开发，也很漂亮，京享达送的，快递小哥穿大衣，感觉很高端，可以开开心心写代码啦，无可挑剔
325,11561094915,还是比较不错的，
326,11245374963,非常好，体验很棒！不愧是苹果电脑！
327,11430157673,三月初买的吧。好用，就是很多软件还不太适应。
328,11066504904,双12果断剁手，京东配送当天就到货了，赞一个，机器正品无疑，值得信赖，还会光顾！
329,11654086784,非常棒，还在研究中
330,11245985680,还可以，就是对比15寸的显得太小了。这电脑真的太薄了。
331,11239606561,京东物流真的给力，服务态度特别好，电脑没话说，苹果的很不错，刚上手苹果体统用起来不习惯，一两天就顺手了，超级好用，触摸板真的没话说，特别好用，手势操作很酷，优点太多了，我就不一一列举了，放心买就好了，真的棒！！！
332,11335638921,非常好，赶上活动买的，比平时便宜实惠很多，送货速度很快，提前电话约时间，服务态度特别好，很喜欢
333,11315666005,很轻薄 反应速度很快 系统不太熟悉
334,10981988155,不愧的Mac超级有手感   秒杀其他品牌电脑  挺值的  第一次用还在摸索  京东服务也超级的好
335,10851646827,"呃，电脑很好，包装的很好，给了我超级大的一个箱子，然后里面还有一个箱子，然后还有一个......配送服务也很给力，昨天晚上下单，中午就到了，而且配送员超级好，服务到家，虽然送到了学校的另一个门，不过我说远，他就开到离我比较近的大门，五星好评。
至于电脑，由于是新手，不太会用，过一阵子再来评价"
336,11595312875,苹果的东西就是贵，而且这配置这mac os系统，玩游戏肯定没戏了但是，但是！体验从拆开盒子到使用，都太舒服了。外形，颜色，触感，说是艺术品也不为过。触摸屏手势操作，没鼠标没关系。显示效果贼好，别说13.3寸，12寸也应该不影响。更别说视窗系统那些插件能量球通知捆绑软件，乃至病毒，都不会有了，清净。办公神器啊。中国的企业也在赶上，希望能有更多自主知识产权的世界性精品出现
337,11688424586,京尊达、快递逼格够了。第一次用苹果电脑就不是为了性价比来的，颜值高就够了，发热有点严重（没开什么应用的情况下）待机一宿能掉6%的电量，接扩展坞的时候掉电还是比较快的，烫的时候右面的风扇狂组转，左边没动静，不知道你们的怎么样、键盘手感不错、屏幕清晰。
338,11268726383,"这是我买的第二台MacBook Pro，之前的是14年的MacBook Pro。其实，这一次在Thinkpad X1和**P之间犹豫了很久，因为Mac的软件相比较Win还不是很方便,虽然Office之类的软件也比较完善了，但是一些专业性软件,Mac还是比较缺乏的。
最终还是选择**P with Bar ，还是看中了苹果的颜值、以及即便是运行多年依旧流畅，不会出现卡顿。
PS：Bar还是很炫的！"
339,10926329974,苹果做工非常的好，包装也很简洁但保护很到位，屏幕显示效果也是非常的清晰色彩。新mac pro的touch bar是个亮点，解决的好多原来许多不方便的地方，特别是做设计很方便。发票一共给我开了3张，单张发票好像他的不能超过万元。键盘敲着不是那么舒服，声音确实有点大。总体还是比较好的，还是值那么多钱。
340,10742010968,键盘在开机之后只能输入密码进入，在进入之后键盘就失灵了，一输入就死机了，我花了一万多块钱买了一个烂笔记本，我要到消费者协会去告京东
341,11240546290,快递小哥特别帅，黑西服白手套红领结，商品质量没问题里外三层盒。苹果的东西外观我就不说了，大家都懂，装B首选。做开发和视频图片处理工作如果预算充足还是推荐的。
342,10798129123,"深空灰耐看，商务，轻薄，出差携带很方便，电池循环一次。做工完美。和ios系统间互传文件，icloud 共享非常便捷。手势操作很强大，上手快，完全可脱离鼠标，和windows下的笔记本触摸板不是一个概念，。osx系统的操作逻辑和ios 的逻辑差不多，可以想象触摸板就是ios系统下的屏幕。pages,numbers轻度办公够用，与windows交互目前没出现大问题。
要说缺点：应该还是与windows系统交互的问题。我只是轻度办公用，目前还只是出现表格串行的小问题，可以轻易解决。其他问题暂时还未出现，不好过多评论。"
343,11476442698,"电脑很好用，品牌日入手的，像素特别好
带bar的真的可以体验到高科技，一键触动的感觉很好，希望能够陪伴我用很久"
344,10928396811,送货很快，第二天就到了。电脑也上官网查了序列号，是正品。但是这里有点不爽的是开机到登录appleid的时候电脑就卡死了，键盘触摸板都没有用，问客服也不会，发十几句还要等几分钟才看到回一句，还回的没什么用，最后只能强制重启，这让我很不开心，本来想换货的，想想也没去换。等用几天再来评价一下
345,11334212694,虽然用了几部苹果手机，电脑第一部，做工精细完全是艺术品，好评
346,10951399764,品控一流 确实比一般的笔记本要好用 接下来只要熟悉系统就可以了
347,11340439054,不错，速度快颜值高，快递也很专业，就是刚开始上手不习惯。
348,10990169053,对比了surface5，各有特色，mbp的屏幕清晰不少，屏占比高，使用流畅度好。跟苹果手机搭配起来使用会更好
349,11522712272,关注了很久加入购物车后过了好几天突然发现比平常便宜了600，京东秒杀活动，限五月二十四当天，犹豫半天，不知道618的活动力度会不会更大，最后还是入手了。拿到货后打开发现电脑的外壳和屏幕有指纹印，不知道是为何，然后半天开不了机，咨询客服也不知道解决办法，最后充了点电才打开。还好去体验店听过两节课，不然平时用惯Windows系统一下还不适应。先用着吧，也希望京东的货物品质能提升，毕竟一万多的商品指纹印就不应该存在。还有，送货的小哥哥穿着正装带着白手套，还挺专业。
350,11609363500,长草这个笔记本很久了，趁着京东搞活动，优惠力度很大，马上下手。京东的物流更是没的说，晚上下单第二天早上就收到货。非常满意的购物体验。支持和信赖京东商城。
351,11560044114,一份价钱一份货，太好了。音响效果和屏幕色彩是最让人觉得惊艳的。做工也没话说，不后悔花钱买苹果
352,11439500871,赶上10000-1000的活动买的，大概10500左右，比较满意的价格，早上八点下单，下午四五点就送到了，快递员态度很好，说是专人专车送过来的，还问我需不需要拆开验收一下，态度很好啦，给快递员好评~快递包装也特别棒，三包四包，放了空气包，可能真的因为各方面做的特别好~然后因为appleid的问题打电话找apple客服进行技术支持，报上自己电脑的序列号，客服那边反应过来的信息也是和我电脑信息是一致的，不知道能不能说明电脑肯定是新品了。用着各方面都挺好的~
353,11307759884,这是给我家的大宝贝闺女买的，一款高大上的学习机：深空灰的颜值+&hellip;&hellip;宝贝的品质，和仙仙的不俗容颜**电脑控们无法控制的爱，哈&hellip;&hellip;
354,11245996901,这次算是在京东消费较大的一次了，第一次用苹果系统，正在熟悉中，人机交换不错，u还弱了些，没有独显，没有16g内存，装adobe2018启动还是要装载一会儿，最满意的是触控板，只要熟悉各种手势，完全没必要买鼠标，bar用着也不错，方便，希望以后能让更多的软件支持！买来学做设计的，性能离期望值有点远，要性能的话还是要买工作站，颜值超高，装b利器。
355,11146682909,苹果的东西就是好，不是崇洋媚外，电脑很薄，外出带着也很方便。用着手感也是挺好的，感觉不好的就是电脑只能安装双系统，一个苹果系统一个win系统。一共256G的电脑，结果安装一个苹果系统后还剩下一百多G，而且还不能分盘
356,11634098395,第一次用mac，体验很棒，感觉有些软件没有windows丰富，开发用有时还会卡
357,11564217538,外观漂亮，触摸板好用，系统慢慢习惯，价格高啊就不谈性价比了，谈做工外观吧哈哈
358,11064550425,昨晚下的单，下午就到了，京尊达专车送到，速度够快，是正品，还在慢慢上手中
359,11586193440,不错的电也这个脑，除了贵，没发现什么问题。主要是开发用，没有别的用途。
360,11496048124,作为一个程序员对命令行比较熟的一直想买台mac，现在终于入手了。在此之前对于买13寸还是买15寸纠结了蛮久，最后还是由于便携性的问题入了13寸的，不愧是r屏，色彩很细腻，键盘的手感也很好。
361,11203087137,"使用了一段时间后特意来评价
优点：1、外壳质感好。2、屏幕显示清晰细腻。3、触摸板比鼠标好用多了。
缺点：1、屏幕容易脏，而且听说容易掉涂层，现在不知道用什么去清洁比较好。2、如果是处理office居多的人千万谨慎考虑，字体大小只按磅计算。而且我做文档后排版在win有不一样的地方。"
362,11683212048,第一次用mac，因为苹果手机的原因，相信苹果笔记本也不会让我失望的。仔细描述下使用后的感受，第一:屏幕，不开玩笑的说，看过此屏幕后再看以前笔记本的屏幕感觉就有种痛不欲生的感觉，大家都喜欢用手机看视频不就因为屏幕的原因吗，以后我可以摆脱小屏幕带来的不爽了。第二:系统，因为本人程序员出身，经常接触linux操作系统，而linux操作系统也是基与unix操作系统做的，而mac操作系统也是基与unix做的，所以许多命令也可以用。第三:@，在键盘两侧都有小孔的出音口，音质比我500元买的耳机要好。第三:触摸板，面积大不说，灵敏度以及下方的单击按键手感不错。完全不用买鼠标，原装五百多呢。。不足:第一:键盘，可能是个人习惯问题，不太喜欢那种下压后某一个点有较大的阻力，不知道是键的两侧摩擦还是什么原因，还是阻力少许小一些好一点。第二:散热，仅仅看看电影听听歌散热就有些烫了，不过因为外壳是金属嘛，既有利又有弊，不过希望再改进下吧。总结:看到此评论的朋友不需要再犹豫了，有经济能力就直接下单吧，不会让你们失望的。
363,10801131792,神速啊！早上下单下午到！机器漂亮，很有质感而且手感好，只是电池充放电三次了，正常吗？
364,11651778629,好看，没想到13寸的有点小了，不过我不常用电脑，买这，完全是因为苹果系统用久了也不会卡，不用我常常换电脑，不过这个触控板还是挺让我担心的，方便是方便，但是怕坏。一拿到就发现电源线的脏了，心里咯噔一下，买到翻新机了？赶紧查了查序列号，还好还好3个月电话技术，1年的质保都在，第一次在东京买，挺担心的，还好没让我失望。
365,11447486337,用了几天才来评价，因为本身不是很懂电脑就不说些有的没的直接说一下我的直观使用感受，首先电脑真的很轻薄，适合出差旅游，播放了下影片，画面质感想真的不错?，基础的播放电影电脑很安静，但是如果一到运行某些软件就会发出声响了，机身会发热，系统还在摸索中，，，在一个京东快递服务真的很棒，专车送达，西装白手套很赞?&hellip;&hellip;
366,11122866783,我上一台笔记本还是戴尔的，散热不好还老出问题，在看发布会的时候，就已经对它动心了，只是因为16款的MacBook Pro没有用上第七代的Intel，所以暂时打消了这个念头，一直等到了今年，果然今年的发布会上，苹果发布了新款的MacBook Pro，17款升级到了第七代的KabyLake架构处理器。于是趁着今年的双十二，撸了一本。序列号查过了是一年保修期，电话支持也正常，就是还是有点用不惯这个系统，还需要磨合
367,11621880462,电脑是真的漂亮，电池循环次数一次，妥妥的全新机，用起来很舒服，显示屏是真的很清晰。但看电视剧时有些发热，也在能接受范围内。键盘和之前air的键盘完全不一样，打字时候蛮有力度的感觉；触控板还有很多需要学习的东西，目前了解的这几样快捷操作，让我终于感觉到触控板的重要性和便利性，鼠标已经可以完全不需要了。就是没有u盘接口让我比较闹心，趁着活动买了一个转换器。这几天准备开始研究office和ps软件了，期待。总之虽然买的是乞丐版，但已经很满意了
368,11091717143,电脑很棒，第一次用苹果的电脑真的很精致，但是对于用惯Windows的我来说，还是有点别扭。还有就是几乎所有软件都要在苹果商店里购买并下载。这就必须要花钱买一些办公软件，对于office这种主流软件只能按照使用期买，不能直接买断。很气&hellip;&hellip;或者是我还没找到一个好的比office更好的办公软件？你们用苹果系统办公的时候用什么软件啊，分享一哈~
369,11102845669,用了一个多月了，都好，品质外观信得过&hellip;就是软件方面花了不少?，还要买拓展坞&hellip;
370,10957988923,"双十一抢的货，第二天就到了。。真的快。
本来最钟意13寸的Pro，但为了开发选了15寸。但真的，入手第一眼就被惊艳到了。很漂亮，瞬间爱上。
原装的牛皮，电池循环次数两次，保修到11.11，都很完美。"
371,11588098580,孩子非常喜欢，昨天上午买的今天上午就送到了，非常好
372,11387797677,使用后评论。买之前犹豫很久要不要带触控栏，最后决定买不带的，必须给个大大滴赞?京东自营商品，一如既往地支持
373,11354274713,早就收到货了，然后一直没有评价今天先装了一些自己需要的一些软件。用起来感觉蛮流畅的，体验非常棒，上手也很快，嗯。这一款比较轻便，机身很薄，容易携带，不会很重，适合女生办公用。苹果值得信赖哦。
374,11337421507,没有在最低价入，送货的小哥很帅，西装笔挺，机子很新，18年生产的，开机试用了一下，很不错，大小适中，适合女生
375,11691856907,这是我帮儿子买的，我也不懂，打开看儿子很喜欢，是用来工作用的，设计，{图等等！京东专人送过来，说有什么问题可以联系他们，这实在太好了，京东很是贴心，希望儿子用起来得心应手！
376,11364935548,相信京东，正品，好评。放心购买吧。
377,10725599108,喜欢好久的电脑从京东开始的MacBook air到现在2017款的MacBook pro对待苹果的越来越喜欢，刚回来就拆了使用了，因为在店里已经试过差不多了，但是还是依然喜欢，希望以后还能买上iMac就完美
378,11534113282,送货相当快，第一次用macbook，虽没有了最初的惊艳，但从做工到体验还是一流的
379,11438279029,太喜欢了，这颜值，程序猿的我太爱了
380,11433676873,刚开始见到评价的时候不敢下手，害怕回来有各种问题，因为第一次在京东买上万的东西，怀着忐忑的心情下了单，在下午下班的时候，快递小哥一身西装领带送来了，由于选择的是货到付款，不能走&hellip;&hellip;你们懂得～小哥想了很多办法才帮我解决，不厌其烦的给我讲解，晚上下了班回到家拆封了，去官网查了型号，正品未拆封，外观完美无缺。看了电池的循环次数，3次，也很正常，除了mac自带输入法中文模式有一点卡顿之外，其他的暂时还没有发现问题。也祝福京东的发展越来越好！一如既往的信任支持。大家还犹豫不决的可以下单购买了。其他的感受用一段时间再来追评。
381,11197908511,上午订的苹果笔记本电脑下午就送到了，京东的快递员服务很周到细致。
382,11303884676,被定义为奢侈品，一个穿西装的小伙，开辆京东logo小轿车送过来，服务超好，点赞
383,10535707470,"全新的，充电次数一次。
优点:很轻薄，屏幕是我用过笔记本看的最舒服的，正常使用基本没有感觉到温度，使用一小时电量扣了百分之5，可能是浏览网页不怎么费电，触摸板手势很好用。
缺点:苹果系统装软件不方便，软件数量也不多，很多专业软件都没有，我琢磨着外接个固态硬盘装windows。新款logo 不发光，感觉发光好看点。使用过程中偶尔会卡顿。另外接口只有usb-c，还要买转接头，前卫不前卫我不知道，反正现在是非常不方便。一星扣在系统软件不丰富上，苹果再这么封闭下去，会是下一个诺基亚。"
384,11495134539,从电池信息来看是正品，目前使用特别棒，想买很久了
385,11319185683,电脑和预期一样好！第一次收快递是快递员开着小轿车穿着西装白手套，格外惊喜！以前一直用Air，是被深空灰征服决定换电脑，只是type c的两个接口着实不习惯！
386,10689448516,还没有拆包&hellip;&hellip;物流却是闹心了，快递师傅非常的辛苦赶过来送货的，下午四点多才到配送，从石景山到丰台芳古路，你们是要累死快递小哥呢！做老板的心真狠嘛！一个人送大半个北京市区！铁人也会疲惫的好吧！还让用户等到很晚！真的好残忍！老板还是合理分配一下配送资源吧。快递小哥的辛苦让我不忍给物流一星，再次感谢快递小哥的辛劳。
387,11052123539,用起来爽歪歪，手感质感非常棒，国产货要加油，赶超苹果！
388,11066380305,超快就到货了，上午下单，下午就到了，非常好用，酷炫，看我的touchbar功能，感觉棒棒的，现在还在熟悉一些怎么使用哈哈哈哈!13装起来，哈哈，终于买到我的Pro了，双12降了500块，12888入手，吉祥如意，今晚吃?，哈哈哈!
389,11560321369,观察了好久才下定决心买的，一直担心怕不是正品，现在不担心了，可以放心购买的，就是有点小贵，还好618便宜点，快递也挺快的，总之这次网购很满意！
390,10961692796,哇，真的超爆，摸起来很舒服！有质感！快递送到手上！全程体验都很好，最重要的是送了好多好多京豆，开心&hellip;&hellip;
391,11612794281,MacBook Pro 非常棒 质感 和外观都很美观大方 简约。 但是我内存买小了 唉唉.. 其它都很好 是正品 厉害 ?。先用着看 后续有问题在追评
392,11224920437,昨晚十点秒杀一台苹果笔记本，第二天上午十点多已经收到，京尊送，专人配送，太给力了，先评过5分，更主要的是这笔记本颜高，好用，而且性价比高，下次再买还是选京东。
393,10821459604,给力，屏幕很不错，看完这个屏幕再看air简直马赛克。
394,10945088490,没有问题，比上一代轻薄了许多，因此机身上只有两个typeC口，插U盘和投影需要再买转接口，唯一不足是没有配三相电，会有轻微静电，好多笔记本都有该情况，需要买个三相头消除静电，当然很漂亮了
395,11265583785,关注了很久搞活动果断入手 还送了包装精美做工细致的电脑包正好放pro 正在学习上手中
396,11248370603,"一代新人胜旧人，12年的air对比17款pro，都是13寸差别还是有区别。自带迁徙功能，倒数据是方便，就是速度慢了点。付款的时候页面有电脑包送，实际收货没有，客服说，你订单里没有赠品&hellip;&hellip;我还能说啥？
网络上大家都说的键盘，的确是行程比较短。接口统一了，又要买扩展接口&hellip;&hellip;"
397,11427914284,不错不错，第一次用苹果电脑。给我感觉最深的就是漂亮的屏幕，外放音质好，其他的摸索中&hellip;
398,11649185499,这是一次不得已的升级，所获得的体验也是MacBook Pro中最底层的。但是2017款MacBook Pro还是给我带来了巨大的惊喜，一方面延续了固有的优秀试用体验，另一方面在屏幕、触控板上的提升是能够让你愿意彻底抛弃原有的设备的。也有一些方面的改变，比如键盘、接口，需要适应。
399,11550541409,京尊达的服务牛，这么帅的哥们儿现在路边等，产品没得说，就是都好！
400,11290354862,买了好几件大件的电子产品都是从京东买的，都是正品，选择自营真的是因为快递的速度和客服态度真的比其他的好太多～灰色的颜值真的比普遍的银色好看太多.......第一次用苹果电脑很喜欢，暂时没有任何问题～对！我拿到电脑第一天也出现了电话支持过期，维保时间不在一年内！！这个很不能理解
401,11158522612,物流就不用说了，满意！本本的话，第一次使用，学习中，不过，硬件各方面确实比window好，续航能力也超好，冲一次电，用一天，直接合盖就好，不用关机！其他还在摸索中，买了不会吃亏的，可以从了解系统中，学习很多东西！毕竟花了银子，一定要好好利用，方能物超所值啊！！！
402,11483426303,刚收到，试了一下还不习惯，手势操作和touch bar用着的确很方便，虽然价钱高，倒也不是毫无理由，京东配送还是很快的，配送员服务态度很好，唯一纳闷儿的就是为什么昨天看的深空灰要比银色贵一千，今天就一个价了&hellip;&hellip;而且今天上午问的问题客服到现在也没回消息&hellip;&hellip;整体感觉还是很不错的
403,11499583153,苹果的简介真的完美很舒服
404,11166744244,选MacBookPro主要是，这个屏显示效果是目前最好的，实际感受也觉得这屏幕非常出色。拿到后试了声音效果，虽然苹果公司并没有标榜声音系统出自哪个大厂牌，但是听了以后觉得听感相当不错，听歌耳朵很舒服，机器没有风扇的噪音，工业设计像一件艺术品，现在主要拿来影音娱乐了，不知道还有什么大用途，正在探索中。
405,10895865787,一收到货就马上开机玩，开机速度飞快，可比华X的好多了，卡的一逼，才换了MAC，系统正在摸索中，电池循环3次，不难上手，挺好的！
406,11335252768,电脑还行，用了一段时间，mac有什么优点就不多说了，个人感觉就是个工具，缺点是随便多开几个窗口，发热就比较厉害，键盘上冒热气烫手，风扇响声音很大。尤其是使用开发软件的时候，其他软件需要尽量关闭，android studio打开基本风扇必响，做开发的建议买个配置稍微高点的。有个毛病是最小化的时候会反弹。纯属个人用的感觉，也只表明我这台机器的情况。其他问题暂未发现。
407,11410362627,还不错，用了半年的微软还是决定用回苹果，随然配置低一些但是系统优化的真的没谁了，颜值也不错，外出办公也比较轻便感觉棒棒的哈哈哈
408,11352317259,没装win系统，自带os系统很流畅，不过有时候打字的时候跟不上节奏。
409,11566487655,还不错，电池循环3次，正在研究新功能!很给力的本子，一分钱一分货!希望这个生产工具能给我带来回报!
